Customer ID,Customer Name,Customer Email,Customer Phone,Customer Address,Business ID
1,Amalie Crosher,acrosher0@miitbeian.gov.cn,465-646-4201,9 Grim Lane,1
2,Jessamine Grisenthwaite,jgrisenthwaite1@t.co,661-680-2058,53728 Grayhawk Crossing,2
3,Meghann Wixey,mwixey2@mayoclinic.com,210-594-0139,4 Atwood Plaza,3
4,Terrie Vasiliev,tvasiliev3@archive.org,793-976-1741,62 Sutherland Park,4
5,Alis Burren,aburren4@cnn.com,730-278-7861,2 Lakeland Plaza,5
6,Townsend Gonin,tgonin5@baidu.com,449-796-4946,779 Summer Ridge Crossing,6
7,Jacenta Robard,jrobard6@unesco.org,677-210-7509,9326 Oak Valley Street,7
8,Claybourne Bigadike,cbigadike7@taobao.com,629-797-6003,063 Oriole Hill,8
9,Brockie Munkley,bmunkley8@liveinternet.ru,365-720-9097,26 Sommers Circle,9
10,Peggi Berrigan,pberrigan9@bloomberg.com,279-154-9508,2 Everett Parkway,10
11,Dukie Andresen,dandresena@studiopress.com,126-571-0897,5872 Petterle Circle,11
12,Queenie Patrono,qpatronob@aol.com,538-938-3406,5 Kropf Lane,12
13,Sidney Harwell,sharwellc@vinaora.com,102-701-5913,32 Manitowish Crossing,13
14,Minetta Tressler,mtresslerd@webs.com,670-711-7602,5 Elmside Junction,14
15,Pippa Summerton,psummertone@google.cn,852-158-6570,626 Menomonie Park,15
16,Graham Oaten,goatenf@tripod.com,732-417-6088,54 Rutledge Road,16
17,Mayne Summerskill,msummerskillg@loc.gov,949-331-5672,94 Almo Pass,17
18,Dulcie Boag,dboagh@prweb.com,412-833-8106,1607 Monument Road,18
19,Paxon Ring,pringi@senate.gov,508-698-8245,81976 Valley Edge Alley,19
20,Con Rylett,crylettj@bloomberg.com,270-698-3094,7 Hanson Avenue,20
21,Kylie Yerrill,kyerrillk@freewebs.com,183-333-7566,07 Evergreen Park,21
22,Melinde Rosenberg,mrosenbergl@boston.com,261-187-1045,33401 Esker Pass,22
23,Hilliard Woodbridge,hwoodbridgem@unblog.fr,805-338-3718,36574 Loftsgordon Park,23
24,Tris Cotes,tcotesn@mail.ru,833-766-6745,20 Goodland Place,24
25,Shaine Joskowicz,sjoskowiczo@irs.gov,583-704-4696,63 Farwell Pass,25
26,Rhianna Funnell,rfunnellp@google.cn,364-817-1995,29 American Center,26
27,Brucie Birney,bbirneyq@wikia.com,604-685-5816,21965 Esker Street,27
28,Pascale Songust,psongustr@go.com,550-581-3102,02730 Fulton Park,28
29,Brod Lamperti,blampertis@bloglovin.com,115-417-1555,75 Almo Way,29
30,Hervey Gutherson,hguthersont@sfgate.com,527-191-3040,5 Blue Bill Park Plaza,30
31,Caroljean Fewtrell,cfewtrellu@washingtonpost.com,112-592-1843,21 Harper Place,31
32,Nissy Joinsey,njoinseyv@shareasale.com,309-890-9292,2684 Hoepker Circle,32
33,Ephrem Denson,edensonw@fda.gov,303-334-7966,4 Erie Junction,33
34,Diane-marie Stolworthy,dstolworthyx@bbc.co.uk,994-998-6250,33177 Laurel Trail,34
35,Nicolis Blunn,nblunny@irs.gov,953-267-8403,4711 Grim Hill,35
36,Gilbertina Treby,gtrebyz@fda.gov,701-436-0671,00426 Myrtle Court,36
37,Sacha Coslett,scoslett10@yolasite.com,821-276-5783,0 Kensington Lane,37
38,Isabelle Curling,icurling11@google.fr,630-489-0608,4 Londonderry Crossing,38
39,Carlina Bunhill,cbunhill12@ihg.com,709-491-3909,610 Spaight Avenue,39
40,Tine Mulles,tmulles13@nasa.gov,202-481-6120,495 Farmco Terrace,40
41,Guthrey Hallstone,ghallstone14@vkontakte.ru,758-407-7271,49 Bellgrove Place,41
42,Gaston Hartburn,ghartburn15@ehow.com,947-883-6149,72027 Hoard Lane,42
43,Alanah Brideau,abrideau16@amazon.de,902-218-2630,94 Mccormick Avenue,43
44,Somerset Germon,sgermon17@google.com.br,585-209-9576,01 Troy Street,44
45,Jenine Beagan,jbeagan18@dailymotion.com,350-567-5854,45367 Buell Center,45
46,Jacklyn Yarrell,jyarrell19@mail.ru,737-194-8623,224 Glendale Trail,46
47,Codie Teggin,cteggin1a@51.la,102-691-7978,0021 Eastlawn Alley,47
48,Allix Tofts,atofts1b@163.com,284-810-1328,8 Nova Court,48
49,Anselma Hyndley,ahyndley1c@amazon.de,633-970-2657,03 Dunning Alley,49
50,Monti Rudyard,mrudyard1d@bloomberg.com,385-232-0159,619 Hansons Pass,50
51,Vi Milhench,vmilhench1e@gov.uk,785-904-8807,60082 6th Park,51
52,Hugh Denington,hdenington1f@economist.com,889-621-5258,75042 Cardinal Court,52
53,Kailey Shillito,kshillito1g@nydailynews.com,841-220-0895,319 Bunting Street,53
54,Cobb Haibel,chaibel1h@friendfeed.com,925-531-3733,02 Fulton Trail,54
55,Loreen Schust,lschust1i@uol.com.br,307-899-6422,3 Erie Avenue,55
56,Stephani Leisk,sleisk1j@privacy.gov.au,216-545-0271,780 Kensington Plaza,56
57,Teirtza Isenor,tisenor1k@list-manage.com,801-364-1955,0767 Bay Lane,57
58,Ichabod Weeke,iweeke1l@dedecms.com,564-852-2722,8 Southridge Crossing,58
59,Malanie Reuble,mreuble1m@qq.com,574-755-9745,8 Blackbird Point,59
60,Dorine Woodrup,dwoodrup1n@sohu.com,610-969-2189,0 Chive Court,60
61,Jedd Giacomo,jgiacomo1o@nih.gov,963-175-6412,83 Spohn Center,61
62,Beck Leggon,bleggon1p@ask.com,610-350-2731,18 Eliot Pass,62
63,Ivie Goning,igoning1q@wikia.com,199-862-8833,1 Coolidge Avenue,63
64,Mitchael Starking,mstarking1r@npr.org,940-674-0558,9595 Continental Avenue,64
65,Parrnell Josephson,pjosephson1s@chicagotribune.com,343-286-8746,61 Talisman Trail,65
66,Rosemaria Measen,rmeasen1t@imdb.com,339-700-7821,8651 Golden Leaf Parkway,66
67,Jermayne Sewart,jsewart1u@addtoany.com,551-681-0774,8 Sullivan Junction,67
68,Pauline Broun,pbroun1v@ovh.net,273-857-3601,5044 Holy Cross Trail,68
69,Gratia Kabsch,gkabsch1w@surveymonkey.com,484-558-8374,2384 Leroy Hill,69
70,Shaine Berrey,sberrey1x@simplemachines.org,687-932-2675,343 Elmside Junction,70
71,Clifford Dicks,cdicks1y@angelfire.com,487-624-8421,55069 Little Fleur Center,71
72,Dee O'Lenane,dolenane1z@msu.edu,975-264-0413,63 Stoughton Lane,72
73,Wildon Rogan,wrogan20@furl.net,853-126-0630,30196 2nd Crossing,73
74,Molli Sowle,msowle21@spiegel.de,344-197-1377,96 La Follette Court,74
75,Veriee MacCook,vmaccook22@hp.com,539-155-9476,78 Esch Park,75
76,Graeme Greer,ggreer23@baidu.com,423-935-1850,2 Summer Ridge Parkway,76
77,Karrie Keeler,kkeeler24@nymag.com,508-737-2443,0424 Arkansas Road,77
78,Arliene MacTrustam,amactrustam25@macromedia.com,769-112-3461,6416 Eastlawn Park,78
79,Cart Ellsworthe,cellsworthe26@bing.com,918-772-2104,31001 Weeping Birch Alley,79
80,Tammy Turville,tturville27@springer.com,325-828-1148,0 Rusk Crossing,80
81,Angele Sedgemore,asedgemore28@desdev.cn,905-431-3235,72067 Sage Drive,81
82,Robbert Cubbini,rcubbini29@homestead.com,592-741-4608,37 Summit Junction,82
83,Sidney Grevatt,sgrevatt2a@accuweather.com,665-656-4861,7 Eastwood Alley,83
84,Jacklyn Baalham,jbaalham2b@amazon.co.jp,684-695-0111,341 Toban Trail,84
85,Erich Whitehair,ewhitehair2c@xrea.com,338-695-3799,51 Truax Terrace,85
86,Dolf Ollerton,dollerton2d@hp.com,950-711-3112,98 Manitowish Center,86
87,Kristofor Snipe,ksnipe2e@eepurl.com,319-472-8242,5563 Crownhardt Lane,87
88,Miller Magne,mmagne2f@intel.com,505-961-8495,07 Fisk Crossing,88
89,Chaddy Robbe,crobbe2g@smh.com.au,258-644-1996,6 Texas Way,89
90,Lillis Rallings,lrallings2h@ft.com,100-544-0158,9 Waywood Road,90
91,Ahmad Rhead,arhead2i@usgs.gov,813-396-2885,51 Rutledge Hill,91
92,Garvin Powling,gpowling2j@oaic.gov.au,327-787-0192,5 Oxford Plaza,92
93,Jemimah Khrishtafovich,jkhrishtafovich2k@homestead.com,954-316-5903,055 Clemons Crossing,93
94,Gene Malter,gmalter2l@geocities.com,494-536-9015,02 Springview Trail,94
95,Mildred Hradsky,mhradsky2m@fda.gov,974-127-8694,1478 Ryan Terrace,95
96,Dixie Kingerby,dkingerby2n@microsoft.com,481-759-4042,66841 Donald Avenue,96
97,Petronia Malter,pmalter2o@webnode.com,647-771-7821,3 Union Center,97
98,Lester Ghelardi,lghelardi2p@reference.com,470-415-7321,1 Hayes Crossing,98
99,Miner Osant,mosant2q@hatena.ne.jp,269-507-5312,978 Fuller Street,99
100,Hamilton Stuckow,hstuckow2r@sbwire.com,931-872-6767,1039 Mendota Trail,100
