SupplierID,SupplierName,ContactPerson,ContactEmail,ContactPhone,BusinessID
1,Barnie Andrea,Stephan Cota,scota0@walmart.com,259-123-5744,554
2,Roscoe Pond-Jones,Ross Tolossi,rtolossi1@dailymail.co.uk,366-575-8626,958
3,Trey Marcussen,Ulberto Donaher,udonaher2@example.com,164-953-0438,386
4,Kassie Meineck,Darlene Raulstone,draulstone3@google.nl,566-744-5335,971
5,Gerrilee Churly,Vladimir Matous,vmatous4@odnoklassniki.ru,737-165-4301,497
6,Jude Fawbert,Rubie Du Fray,rdu5@nhs.uk,485-908-2260,793
7,Elene Undrell,Terra Inger,tinger6@fda.gov,699-601-9751,807
8,Raleigh Strowger,Beilul Libbey,blibbey7@businessweek.com,689-136-4915,608
9,Jennilee Gittins,Cristobal Spykins,cspykins8@cisco.com,972-402-7341,349
10,Norrie Kington,Renata Napleton,rnapleton9@wikia.com,536-664-1581,544
11,Shane Birkmyre,Iggy Rosenfrucht,irosenfruchta@arizona.edu,165-991-4393,309
12,Billie Comiam,Kelly Bunny,kbunnyb@creativecommons.org,538-651-6995,777
13,Celene Renison,Paolo Birkenhead,pbirkenheadc@timesonline.co.uk,508-294-4867,151
14,Skippy McPhilemy,Raddie Whetnall,rwhetnalld@geocities.jp,466-826-6388,984
15,Samara Lupson,Angela Bouda,aboudae@ucoz.com,399-142-6769,156
16,Bev Shanklin,Wilona Winchester,wwinchesterf@google.it,458-854-4710,462
17,Amalita Rottery,Bald Colebourn,bcolebourng@phpbb.com,832-807-8250,779
18,Joanna Vasyutin,Jedidiah Healks,jhealksh@npr.org,216-893-1618,28
19,Gordie Konzelmann,Ruthie Joysey,rjoyseyi@usatoday.com,592-935-1951,193
20,Adrea Dochon,Rosco Learoid,rlearoidj@github.com,630-837-0871,375
21,Jacques Copland,Kimball Jentgens,kjentgensk@independent.co.uk,421-749-8086,836
22,Raleigh Andrioletti,Laurie Longstaff,llongstaffl@cam.ac.uk,124-627-3288,649
23,Suzanna MacGuffog,Willabella Richens,wrichensm@hubpages.com,629-676-4226,625
24,Dre MacFadyen,Mayer Mantrup,mmantrupn@epa.gov,550-181-9246,161
25,Pavel Coit,Timofei Mole,tmoleo@fema.gov,687-378-8004,964
26,Ichabod Caveau,Sheena Ivashkov,sivashkovp@geocities.com,725-355-0335,949
27,Judd Niesegen,Carita Weatherburn,cweatherburnq@google.fr,261-826-0204,641
28,Noll Stranieri,Huntlee Ashley,hashleyr@hatena.ne.jp,764-357-8023,832
29,Tammie Riggs,Aldis Jull,ajulls@163.com,352-242-8791,856
30,Henka Lupson,Giulio Dowker,gdowkert@i2i.jp,343-688-6303,444
31,Billye Bartoszewski,Genvieve Reynault,greynaultu@trellian.com,888-822-5816,935
32,Erina MacNess,Doy Longea,dlongeav@economist.com,118-565-1186,557
33,Melony Lanphere,Morganica Polgreen,mpolgreenw@cdc.gov,576-582-2980,519
34,Kristoffer Ivushkin,Graehme Page,gpagex@ask.com,273-316-1048,797
35,Benetta Dickson,Guenevere Holley,gholleyy@google.nl,357-483-7123,314
36,Hannis Teodori,Westleigh Phelips,wphelipsz@ucla.edu,469-496-4932,823
37,Lorettalorna Sherebrooke,Mead Sarfat,msarfat10@cbc.ca,254-565-4446,234
38,Marshal Fitzer,Jannelle Cabera,jcabera11@arstechnica.com,813-276-8501,22
39,Coral Mayzes,Myrah Hassard,mhassard12@reuters.com,157-697-5453,741
40,Paddie Baitey,Leslie Brimley,lbrimley13@4shared.com,818-535-4458,636
41,Shelia Hinkley,Verney Milsted,vmilsted14@google.ru,677-597-6530,641
42,Nataline Pietzke,Loren Aughton,laughton15@mysql.com,609-147-5260,307
43,Latisha Gianelli,Julissa Devonport,jdevonport16@g.co,972-967-6784,852
44,Mikey Crop,Jackie Gorden,jgorden17@merriam-webster.com,457-745-9500,846
45,Josepha Lammert,Myriam Plews,mplews18@woothemes.com,167-287-4762,543
46,Adler Henriques,Ninon McGourty,nmcgourty19@paginegialle.it,145-555-7478,289
47,Taffy Bernath,Odo Dugue,odugue1a@google.pl,694-998-4627,157
48,Cam Rignall,Irv Conelly,iconelly1b@auda.org.au,453-418-9122,908
49,Maddy Handrik,Dave Gile,dgile1c@cargocollective.com,576-128-4625,422
50,Meggie Onslow,Henrik Keppe,hkeppe1d@youtu.be,500-590-3044,448
51,Blane Colby,Manuel Force,mforce1e@scientificamerican.com,292-279-4911,490
52,Silas Garner,Ira Pietrzyk,ipietrzyk1f@virginia.edu,499-305-6842,182
53,Leeanne Trenam,Roxine Holdin,rholdin1g@go.com,149-559-1110,283
54,Devonna Boullin,Kristy Coulbeck,kcoulbeck1h@addtoany.com,574-618-6761,177
55,Wrennie Hatrey,Jourdain Kainz,jkainz1i@irs.gov,851-670-9759,115
56,Truda Bracken,Karil Emmanueli,kemmanueli1j@webmd.com,107-839-5628,985
57,Bevan Cino,Blair Egar,begar1k@stanford.edu,393-608-8769,663
58,Arnold Knewstubb,Pet Dury,pdury1l@github.com,991-892-8300,38
59,Gage Wadley,Lemmie Hardin,lhardin1m@accuweather.com,599-672-3164,776
60,Floris Tellenbach,Iorgo Skoyles,iskoyles1n@rakuten.co.jp,463-700-2522,443
61,Orella Larimer,Scottie Dungay,sdungay1o@unblog.fr,578-591-0543,495
62,Jasmine Scawton,Archibaldo Capelle,acapelle1p@360.cn,854-335-9814,336
63,Chloette Humbee,Paula Barthelet,pbarthelet1q@amazon.com,298-655-1522,57
64,Marjorie Foukx,Rosemarie MacKimm,rmackimm1r@topsy.com,669-524-2607,767
65,Briggs Stainton - Skinn,Elihu Dugan,edugan1s@vimeo.com,719-847-6228,706
66,Prissie Chastenet,Tiffanie Jameson,tjameson1t@wiley.com,504-440-4939,938
67,Misty Cutmere,Nancee Pegram,npegram1u@ameblo.jp,572-884-1535,595
68,Rozella Punt,Becka Wardingly,bwardingly1v@spotify.com,732-868-7823,538
69,Wilone Cauldwell,Vincents Server,vserver1w@nih.gov,237-106-5562,406
70,Marina MattiCCI,Anjanette Aughton,aaughton1x@tiny.cc,547-186-8381,297
71,Johnna Dottridge,Brigit Doggerell,bdoggerell1y@joomla.org,577-369-3553,975
72,Laural Grastye,Meg Kleiner,mkleiner1z@umich.edu,483-689-0002,253
73,Marjie Pryde,Hy Very,hvery20@tamu.edu,313-469-2212,581
74,Ruthi Stopp,Moe Bratcher,mbratcher21@tiny.cc,669-945-1474,761
75,Atlante Reboulet,Errick Beecheno,ebeecheno22@123-reg.co.uk,354-776-6735,15
76,Abigael Kinnerley,Rozina Peres,rperes23@ifeng.com,968-456-9598,344
77,Alick Depka,Leonanie Tandey,ltandey24@istockphoto.com,113-231-8660,356
78,Avigdor Crum,Lief Bavage,lbavage25@imgur.com,816-503-0394,14
79,Artemas Dunican,Griffith Alenikov,galenikov26@cdc.gov,323-536-8430,447
80,Kali Fleetwood,Jan Birrane,jbirrane27@list-manage.com,389-369-1035,588
81,Innis Draper,Karylin McKimmie,kmckimmie28@amazon.de,478-259-0232,525
82,Salim O Sullivan,Rancell Reveley,rreveley29@bloglovin.com,312-159-9984,950
83,Kellina Jeayes,Timmie Hansell,thansell2a@nifty.com,976-873-8008,197
84,Kienan Muckeen,Rudd Taunton.,rtaunton2b@smugmug.com,169-471-4328,916
85,Cher Margram,Jonathon Southway,jsouthway2c@who.int,724-689-2822,172
86,Minne Tamas,Jewelle Bichard,jbichard2d@feedburner.com,649-600-0499,70
87,Mariya Tysack,Orson MacDonagh,omacdonagh2e@psu.edu,577-537-4884,559
88,Duane Bampfield,Dominique Saintsbury,dsaintsbury2f@rakuten.co.jp,170-196-3769,942
89,Peter Bohike,Lorne Henzer,lhenzer2g@dropbox.com,123-405-1234,534
90,Shandie Brookhouse,Batholomew McKintosh,bmckintosh2h@ustream.tv,571-421-9992,716
91,Lenka Spadazzi,Gilburt Witul,gwitul2i@sogou.com,323-675-0319,422
92,Mia Pritchett,Franni Stoneman,fstoneman2j@wikipedia.org,456-453-1436,840
93,Karee Raulston,Chrisse Ollier,collier2k@icio.us,724-263-8767,650
94,Dorette Klasen,Tiffanie Proppers,tproppers2l@paypal.com,876-211-4274,612
95,Ramsay Pittendreigh,Harper Andreev,handreev2m@sphinn.com,448-744-7035,889
96,Carolyn Girdlestone,Austin Lowfill,alowfill2n@ezinearticles.com,523-845-1609,515
97,Gypsy Leatham,Edgar Carcas,ecarcas2o@list-manage.com,130-444-7408,359
98,Jarrid McCready,Willi Gilhespy,wgilhespy2p@jimdo.com,931-896-5415,413
99,Dorree Inwood,Wright Brazur,wbrazur2q@tamu.edu,414-105-5433,39
100,Mac Yanyushkin,Ragnar Deschlein,rdeschlein2r@reverbnation.com,719-415-1198,527
,Ganny Reames,Luther Strutz,lstrutz2s@wikispaces.com,497-431-6089,118
,Jeannie Juett,Meghan Redbourn,mredbourn2t@jimdo.com,609-487-5035,994
,Dud Duxbarry,Stanford Pepineaux,spepineaux2u@xing.com,727-261-7731,800
,Neal De Robertis,Dody Ferroni,dferroni2v@delicious.com,898-980-8705,747
,Sheena Fiddy,Cointon Gatecliffe,cgatecliffe2w@photobucket.com,518-257-9270,498
,Brenda Rosenstiel,Fabe MacLardie,fmaclardie2x@usa.gov,149-970-3226,886
,Rube Pulman,Jenni Bambridge,jbambridge2y@umn.edu,857-202-1899,665
,Letisha Potebury,Orelie Stobbs,ostobbs2z@slideshare.net,324-274-8251,557
,Margarita MacAdam,Ariana Cubbin,acubbin30@webmd.com,691-828-0409,685
,Red Kerbey,Sayer Penhalurick,spenhalurick31@nydailynews.com,732-323-0274,632
,Andeee Anneslie,Douglas Saer,dsaer32@java.com,577-287-8126,400
,Kissiah Deller,Shara Spens,sspens33@devhub.com,940-693-2062,69
,Izaak Risdale,Anson Phidgin,aphidgin34@youtu.be,254-141-2148,79
,Devon Tidman,Merrily Sturgess,msturgess35@newyorker.com,602-603-5091,448
,Donnie Marlow,Rosco Bier,rbier36@fotki.com,212-664-8204,937
,Luis Sturdgess,Peggy Thouless,pthouless37@hostgator.com,891-105-9865,197
,Elvina Caulton,Tybi Steggles,tsteggles38@yahoo.co.jp,852-708-0688,223
,Benny Bellham,Lyssa Wharfe,lwharfe39@wix.com,198-634-0679,85
,Karia Leggin,Bonnibelle Seeks,bseeks3a@blogs.com,930-848-0610,565
,Deanne Varney,Wilmette Thal,wthal3b@cnn.com,655-852-2061,198
,Anet Lettington,Iorgo Fibben,ifibben3c@gravatar.com,560-994-4022,768
,Dennison Radleigh,Charlena Gisbye,cgisbye3d@cargocollective.com,259-477-8982,141
,Jaimie Buckel,Mose Dowson,mdowson3e@google.com.hk,155-167-8765,944
,Jessey Sucre,Bo Raiment,braiment3f@mapquest.com,377-970-4824,170
,Dionisio Jopke,Skye Bruni,sbruni3g@cmu.edu,116-251-6411,508
,Oren McKune,Hephzibah Spyby,hspyby3h@noaa.gov,596-134-6645,298
,Lonnie Carvilla,Seumas Immings,simmings3i@nifty.com,711-758-9400,268
,Eileen Haslam,Cori Lavallin,clavallin3j@ed.gov,723-964-0081,9
,Brenna Morhall,Ryon Drewe,rdrewe3k@webeden.co.uk,633-207-0742,585
,Thoma Westmoreland,Boot Gartan,bgartan3l@wix.com,404-275-6921,980
,Dennison Veronique,Harlie Bellwood,hbellwood3m@oakley.com,251-936-2804,580
,Lesley Langthorn,Olivette Grief,ogrief3n@people.com.cn,661-488-4931,724
,Theobald Claasen,Jany Raoux,jraoux3o@sourceforge.net,373-471-8282,149
,Celene Symcoxe,Roseanna Spitell,rspitell3p@smugmug.com,121-437-9655,524
,Henrieta Lere,Andy Boud,aboud3q@wikipedia.org,869-196-0931,96
,Mile Reckless,Shanda Rieflin,srieflin3r@alexa.com,278-691-0531,947
,Gweneth Mixworthy,Shanna Deverill,sdeverill3s@plala.or.jp,182-124-8589,555
,Brandyn Loughney,Harland Stoyle,hstoyle3t@youtube.com,140-601-9835,435
,Mara Lealle,Leonora Morsley,lmorsley3u@chron.com,211-787-0676,142
,Bernie Werrett,Maximilianus Perfitt,mperfitt3v@miibeian.gov.cn,288-890-8804,86
,Romola Fowden,Moss De Coursey,mde3w@dailymotion.com,794-731-2190,55
,Leola Lerego,Cherlyn Meecher,cmeecher3x@wikia.com,317-910-4728,110
,Ermengarde Holtham,Kean Lomaz,klomaz3y@bandcamp.com,163-182-5676,210
,Tracy Beams,Dov Noller,dnoller3z@europa.eu,155-737-7064,854
,Raviv Driffill,Bruno Parffrey,bparffrey40@gnu.org,901-148-6437,14
,Adelina Arndell,Genevieve Beartup,gbeartup41@fastcompany.com,451-840-6946,947
,Cull Matyugin,Marielle Maundrell,mmaundrell42@stanford.edu,228-203-2803,625
,Grata Fowell,Thorpe Townsend,ttownsend43@yolasite.com,569-902-1503,100
,Josey Minchell,Harold Anlay,hanlay44@furl.net,797-733-4603,894
,Berny Boullen,Jenda Bunt,jbunt45@nyu.edu,950-253-1692,565
,Maryjo Jarrelt,Miof mela Kilcullen,mmela46@webeden.co.uk,148-451-4501,564
,Jacquelin Utton,Oliver Heavyside,oheavyside47@a8.net,747-350-7948,720
,Caroljean Syphus,Cinnamon Benford,cbenford48@bbc.co.uk,430-776-9749,747
,Yolane Lesper,Brittaney Jullian,bjullian49@home.pl,980-729-0683,507
,Saraann Horburgh,Delmar Ternouth,dternouth4a@xing.com,405-479-7325,661
,Avictor O'Bradane,Caesar Swyer-Sexey,cswyersexey4b@uol.com.br,944-624-9351,621
,Judith Stuckes,Cordie Graybeal,cgraybeal4c@engadget.com,813-743-3034,68
,Rupert Mackneis,Theodor Willoughley,twilloughley4d@myspace.com,397-920-9220,756
,Antin Lamprecht,Bevan Totterdill,btotterdill4e@fastcompany.com,868-146-3482,711
,Kippie Barnewille,Ynes Johnsson,yjohnsson4f@wikia.com,710-559-7104,331
,Mora June,Wilt Abrahim,wabrahim4g@twitpic.com,186-356-2747,37
,Rebeka Moffat,Maurise Basset,mbasset4h@ca.gov,999-657-8683,298
,Barbara Jewers,Giulietta Hobson,ghobson4i@cocolog-nifty.com,515-867-6037,308
,Ado Lackemann,Maire Stacey,mstacey4j@shinystat.com,360-797-6610,321
,Colver Mayler,Marysa Arnout,marnout4k@merriam-webster.com,848-125-4193,543
,Omar Spedroni,Clarey Oger,coger4l@state.gov,371-288-0643,830
,Niki Kettow,Rahel Palfery,rpalfery4m@comcast.net,816-593-4569,691
,Natty Chelam,Sabrina Gligorijevic,sgligorijevic4n@yandex.ru,740-271-4043,13
,Sibylle McWhin,Essa Ramm,eramm4o@dell.com,296-785-4408,150
,Wye Duncklee,Gerry Kyte,gkyte4p@odnoklassniki.ru,425-187-6520,518
,Rosamond Fifoot,Rae Bumpass,rbumpass4q@hatena.ne.jp,345-943-6387,246
,Donall Fremantle,Raynor Arnet,rarnet4r@ning.com,281-655-2406,605
,Sylas Keuntje,Aubrie Lanmeid,alanmeid4s@over-blog.com,966-565-0441,573
,Ashlen Choupin,Liz O'Hagan,lohagan4t@gnu.org,581-616-4652,541
,Marinna Langtry,Orsa Folke,ofolke4u@angelfire.com,696-222-2910,43
,Livvyy Claibourn,Grannie Reddihough,greddihough4v@huffingtonpost.com,793-664-8357,481
,Godfrey Ashpital,Carolyne MacFayden,cmacfayden4w@sogou.com,721-455-0086,81
,Ashlee Willavize,Edgardo Glowacki,eglowacki4x@jalbum.net,753-952-4361,850
,Gerta Mander,Conni Montacute,cmontacute4y@multiply.com,576-465-6048,276
,Sandy Golightly,Margette Phipard-Shears,mphipardshears4z@deliciousdays.com,512-942-9583,455
,Trudi O'Daly,Sandro Carvil,scarvil50@youtu.be,992-708-7796,387
,Augusta Riddell,Gallard Izat,gizat51@msn.com,347-867-5886,714
,Maurine Campey,Correy Balharry,cbalharry52@ocn.ne.jp,867-131-4604,109
,Brigitta Diment,Norri Tunsley,ntunsley53@blogger.com,747-323-1968,130
,Isabelle Drees,Cirilo Mauchlen,cmauchlen54@histats.com,643-978-4238,799
,Quintin Giannoni,Fionna Drife,fdrife55@noaa.gov,585-395-7494,296
,Cristie Guillart,Halimeda Bashford,hbashford56@latimes.com,451-559-7762,145
,Blondie Greatex,Kassandra Francois,kfrancois57@123-reg.co.uk,698-359-5226,865
,Janie Thomelin,Thorpe Brion,tbrion58@businessinsider.com,475-699-8369,404
,Stillmann Moyler,Dwayne Guyer,dguyer59@nhs.uk,150-501-7225,514
,Doroteya Wisbey,Emlynn Longina,elongina5a@dropbox.com,973-238-2538,275
,Cecily Bamber,Godwin Hiner,ghiner5b@scribd.com,775-230-0294,319
,Cullen Whitloe,Madelaine Thumnel,mthumnel5c@bravesites.com,779-393-4250,549
,Imojean Donaldson,Mathian Pert,mpert5d@hugedomains.com,571-742-1858,565
,Tracy Wiffen,Angelica Urquhart,aurquhart5e@jiathis.com,362-825-2662,441
,Roslyn Winchurch,Rowena MacNeil,rmacneil5f@google.co.uk,961-780-4855,615
,Joan Wiltshier,Scott Ruilton,sruilton5g@devhub.com,666-462-6751,903
,Keary Skipp,Gina Bartelot,gbartelot5h@ed.gov,766-962-9635,122
,Idell Bream,Brannon Pauluzzi,bpauluzzi5i@un.org,787-915-0957,883
,Nigel Cantrill,Adorne Grigoroni,agrigoroni5j@sfgate.com,546-348-5850,459
,Ira Wetheril,Milissent Birrel,mbirrel5k@bigcartel.com,441-502-5535,861
,Shawnee Schole,Darnall Branford,dbranford5l@upenn.edu,843-764-8186,674
,Jennine Edmonston,Abel Luna,aluna5m@utexas.edu,424-453-0169,703
,Elyssa Swaysland,Maryjo Norkutt,mnorkutt5n@fema.gov,458-506-5689,22
,Kipp Gawith,Cynthy Cato,ccato5o@fc2.com,892-833-9648,120
,Tera Wiltshaw,Madeline Winskill,mwinskill5p@moonfruit.com,311-271-2828,559
,Chris Poplee,Arnuad Ricciardo,aricciardo5q@creativecommons.org,425-391-6323,991
,Johnath Fellowes,Maegan Wickey,mwickey5r@ehow.com,257-554-8927,855
,Shir Wolfart,Arlena McFadyen,amcfadyen5s@blogtalkradio.com,883-184-4708,640
,Lorrin Greenfield,Chris Hillitt,chillitt5t@nytimes.com,384-706-1828,937
,Marcelia Savory,Penni Itscowics,pitscowics5u@walmart.com,100-812-8962,849
,Sharline Fulger,Iago Freire,ifreire5v@dagondesign.com,450-606-6036,545
,Lacie Hellwing,Christoffer Raun,craun5w@paypal.com,710-550-2984,437
,Brenn Koppelmann,Dur Walasik,dwalasik5x@paypal.com,782-303-5767,465
,Winnie Ivanishin,Carin Kamena,ckamena5y@webmd.com,794-448-8053,845
,Bianca Allabush,Nelly Laxston,nlaxston5z@vkontakte.ru,809-407-4580,211
,Susy Pendlenton,Coriss Banbrook,cbanbrook60@edublogs.org,649-634-3425,326
,Merilee Turbayne,Payton Bravery,pbravery61@independent.co.uk,930-698-0482,148
,Simmonds Chesley,Dasie Snelman,dsnelman62@scribd.com,762-619-6266,829
,Cooper Mulderrig,Christoper Callinan,ccallinan63@ted.com,825-288-2597,319
,Marven Novelli,Joycelin Rime,jrime64@cnet.com,717-686-4496,731
,Cybil McGeachey,Lambert Wenzel,lwenzel65@tinyurl.com,139-639-5078,655
,Fonzie Crewes,Noam Winsper,nwinsper66@mtv.com,379-876-5411,261
,Keriann Tylor,Atlanta Sawyers,asawyers67@51.la,904-244-1862,502
,Chuck Jewer,Gipsy Golston,ggolston68@baidu.com,693-649-2430,254
,Bethena Pavlovic,Mirabel Savin,msavin69@fastcompany.com,826-389-3931,573
,Gerardo Endon,Belicia Bearblock,bbearblock6a@nih.gov,104-140-0310,623
,Ermanno Henzley,Hillie Varfolomeev,hvarfolomeev6b@xinhuanet.com,990-794-5165,621
,Corenda Yedall,Nedi Worsam,nworsam6c@liveinternet.ru,169-844-4930,684
,Quillan Osanne,Mabel Langdale,mlangdale6d@wp.com,136-401-9094,8
,Lynnea Clough,Darrelle Orwell,dorwell6e@techcrunch.com,674-864-9116,227
,Hermy Raven,Sollie Reece,sreece6f@cmu.edu,375-699-8094,200
,Cristine Jellett,August Ashplant,aashplant6g@homestead.com,644-547-9856,164
,Gunner Molloy,Janenna Gages,jgages6h@ameblo.jp,755-676-7600,476
,Drusi Ludee,Nevil Aldie,naldie6i@hostgator.com,540-573-1856,948
,Teddie Colvie,Benton Conti,bconti6j@multiply.com,875-332-1890,541
,Carol Erwin,Sephira Kemer,skemer6k@webeden.co.uk,527-939-5418,684
,Min Berthomieu,Ewart Levet,elevet6l@shop-pro.jp,878-135-6607,919
,Iorgo Gettone,Rebecka Rustan,rrustan6m@sphinn.com,406-173-3052,61
,Everett Duny,Bartel Champagne,bchampagne6n@shareasale.com,880-987-6900,17
,Goober Tomas,Lesly Carabine,lcarabine6o@ftc.gov,572-371-7099,151
,Wesley Mount,Carine Gotecliffe,cgotecliffe6p@nba.com,560-933-2282,275
,Abbye Camelia,Barbie Ledwidge,bledwidge6q@lycos.com,708-821-1752,488
,Chad Petrelli,Mickey Hammon,mhammon6r@163.com,437-854-6449,423
,Ilyse Morey,Stu Jadczak,sjadczak6s@flavors.me,298-108-3505,858
,Barr Wetherburn,Ronna Trendle,rtrendle6t@latimes.com,231-331-8342,799
,Rolfe MacAndrew,Lemmie Muris,lmuris6u@mapquest.com,654-375-9585,206
,Kattie Enevoldsen,Alfredo Pyatt,apyatt6v@squarespace.com,488-963-6455,623
,Sara-ann Jewitt,Thoma Kuzemka,tkuzemka6w@indiatimes.com,866-559-5186,494
,Carolyne Lethabridge,Gustavus Michel,gmichel6x@addtoany.com,182-878-3731,583
,Isaac Pauls,Christen Marks,cmarks6y@springer.com,316-720-0101,216
,Abbye Glusby,Kizzee Kellegher,kkellegher6z@fotki.com,310-755-9645,817
,Eduard Neilan,Jennee Capner,jcapner70@blinklist.com,806-796-7578,523
,Drugi Scattergood,Donielle Sipson,dsipson71@mediafire.com,961-543-9731,382
,Timmi Symington,Lil Philippault,lphilippault72@washingtonpost.com,678-617-9173,147
,Corena Autin,Doralynne Gayton,dgayton73@digg.com,362-822-0532,497
,Andy Silberschatz,Anestassia Pobjoy,apobjoy74@technorati.com,567-276-8004,573
,Carree Christopherson,Lodovico Bath,lbath75@wufoo.com,403-152-3769,323
,Omar Meritt,Reamonn Spleving,rspleving76@amazon.com,679-904-9940,430
,Clem Pyzer,Cherice Winscomb,cwinscomb77@wikipedia.org,125-867-8867,30
,Eran Molan,Ortensia Clears,oclears78@seattletimes.com,711-421-6027,742
,Heidi Garahan,Gearard Cadge,gcadge79@bbc.co.uk,334-761-5861,810
,Shandie de Keep,Bonnee Kubin,bkubin7a@youtube.com,669-299-1110,1000
,Phyllis Sisselot,Teodorico Pelosi,tpelosi7b@bizjournals.com,543-913-2777,130
,Shanna Kingsland,Agosto Garett,agarett7c@state.gov,677-424-2816,370
,Druci Sycamore,Vail Laudham,vlaudham7d@typepad.com,742-132-5458,657
,Mackenzie Georger,Toinette McCoid,tmccoid7e@cafepress.com,479-169-9236,244
,Viviene Blemings,Roobbie Thurby,rthurby7f@bloglovin.com,728-657-9761,891
,Jayson Chaplyn,Pamella Aspey,paspey7g@sun.com,858-267-5151,849
,Sabra Pyrton,Nora Rikard,nrikard7h@indiegogo.com,939-110-9086,638
,Lebbie Zanni,Kat Anfonsi,kanfonsi7i@about.me,680-833-6313,560
,Freedman Joffe,Georgine Ort,gort7j@i2i.jp,924-236-7342,856
,Isidoro Goghin,Eward Rawll,erawll7k@topsy.com,327-522-0282,277
,Regan Jirak,Cointon Tomankowski,ctomankowski7l@ameblo.jp,176-691-5812,542
,Elladine Ede,Bernie Lace,blace7m@un.org,508-436-8041,95
,Benson Randalston,Hazlett Girdwood,hgirdwood7n@example.com,932-420-9784,613
,Drona Pagel,Britta Arnow,barnow7o@jalbum.net,321-246-1570,673
,Sigismund Melly,Dianna Ost,dost7p@over-blog.com,715-131-3713,903
,Alphonso Goodsir,Emmalynn Gadsby,egadsby7q@twitter.com,785-103-2630,433
,Ferdinande Shevell,Grier Fardell,gfardell7r@mtv.com,881-121-4017,126
,Bird Obee,Alayne McCaskell,amccaskell7s@cdbaby.com,154-349-6428,332
,Onofredo Martello,Adan Feron,aferon7t@yahoo.com,923-498-3311,535
,Alameda Gillopp,Lisha Jeaves,ljeaves7u@t.co,462-201-2239,62
,Karyn Poller,Valle Oliver,voliver7v@ocn.ne.jp,920-721-4702,957
,Mariann Pond,Abe Brobak,abrobak7w@bbb.org,208-370-9042,612
,Loella Fenton,Zelma Brandli,zbrandli7x@topsy.com,344-919-3765,546
,Cory Ledes,Karla Hartup,khartup7y@engadget.com,502-176-8795,858
,Stormie McParlin,Cyndy Fairclough,cfairclough7z@google.com,355-725-2866,745
,Jesselyn Wadeling,Maurice Collingwood,mcollingwood80@phpbb.com,806-745-2969,37
,Teddi Yeeles,Dasha Finlason,dfinlason81@narod.ru,879-480-8442,193
,Patricia Potbury,Garvy Brannan,gbrannan82@cnet.com,559-934-4546,964
,Nalani Milborn,Dal Statter,dstatter83@twitpic.com,364-890-2363,692
,Megen Klambt,Alanson Bentame,abentame84@360.cn,842-747-4206,620
,Roshelle Cuer,Cristian Lander,clander85@biglobe.ne.jp,678-527-3234,906
,Allianora Jennions,Sharia Jerrard,sjerrard86@fotki.com,788-221-0215,136
,Camile Kobus,Karisa Cribbott,kcribbott87@barnesandnoble.com,758-948-6595,424
,Lucius Danneil,Cordey Jouhandeau,cjouhandeau88@bloomberg.com,136-166-9087,634
,Skippy Gilchrest,Elisabetta Roland,eroland89@admin.ch,641-723-1739,820
,Mathian Shovelton,Hilary Pawlick,hpawlick8a@shop-pro.jp,170-863-8002,861
,Cyrille Ruppele,Guglielma Poyle,gpoyle8b@google.nl,317-219-6562,672
,Damaris Ciabatteri,Baryram Reynoollds,breynoollds8c@oakley.com,761-890-0452,831
,Skipper Groucutt,Ddene Douthwaite,ddouthwaite8d@vimeo.com,711-408-0522,499
,Bartholomeus Menear,Lalo Ouldcott,louldcott8e@google.pl,489-249-7242,506
,Kora Bernardinelli,Enoch Damiral,edamiral8f@wikia.com,918-414-6163,226
,Noll Forrestill,Mandy Mulvihill,mmulvihill8g@usda.gov,655-734-2705,818
,Dona Geoghegan,Flory Gilbert,fgilbert8h@free.fr,421-773-6889,398
,Melinde Malter,Phillis Normanville,pnormanville8i@discovery.com,653-566-6829,780
,Gray Boules,Britney Rathbourne,brathbourne8j@slate.com,964-168-1218,250
,Kathryn Yanson,Orland Learoyd,olearoyd8k@usda.gov,708-965-3110,812
,Angele Splaven,Kinna Roseborough,kroseborough8l@clickbank.net,223-312-5313,735
,Maureen Kirrage,Fairlie Goley,fgoley8m@amazon.co.uk,496-915-1599,496
,Cordy Beade,Nickola Luetkemeyer,nluetkemeyer8n@people.com.cn,898-307-5179,48
,Reidar Casson,Nikoletta Peagrim,npeagrim8o@altervista.org,586-622-4479,89
,Kipp Hawkett,Querida Fransemai,qfransemai8p@google.co.uk,525-208-4000,167
,Kristien Macieja,Jaime Covet,jcovet8q@ovh.net,828-707-6019,768
,Johan Winnister,Lyndsey Bergeau,lbergeau8r@nifty.com,153-347-2262,454
,Vivyanne Lind,Rubi Floch,rfloch8s@columbia.edu,306-472-0796,565
,Brana Andell,Gisela Duesbury,gduesbury8t@infoseek.co.jp,218-256-4260,364
,Shawn Adanet,Rowena Files,rfiles8u@ameblo.jp,995-288-0082,894
,Egon Cromer,Jarib Reynolds,jreynolds8v@arizona.edu,675-294-3940,306
,Helaine Lentsch,Sisile Pordal,spordal8w@umich.edu,198-436-1286,760
,Tedmund MacMarcuis,Tristam Oxenbury,toxenbury8x@constantcontact.com,408-402-4027,247
,Cathyleen Vernon,Jaine Rudeforth,jrudeforth8y@fastcompany.com,853-352-4849,376
,Darleen Caccavella,Gordan Pentecust,gpentecust8z@trellian.com,114-662-8259,101
,Dorey Hedin,Skippie Batho,sbatho90@craigslist.org,452-686-0922,874
,Brod Kiss,Tonia Agron,tagron91@weebly.com,654-614-7264,927
,Lynne Lowthian,Kareem Custed,kcusted92@google.ru,132-928-2283,729
,Powell Frostick,Tracie MacRury,tmacrury93@ow.ly,873-692-5293,100
,Fowler Kneel,Grantley Sawnwy,gsawnwy94@epa.gov,565-202-4197,106
,Carolee Farnill,Clerc Claye,cclaye95@facebook.com,738-230-7154,348
,Olvan Wotherspoon,Krista Grigorio,kgrigorio96@google.com.br,452-274-7262,72
,Claudianus Lomath,Vonny Bromilow,vbromilow97@furl.net,528-921-2578,352
,Marie Scherme,Sigmund Zanneli,szanneli98@tumblr.com,385-143-0685,773
,Lian Abrahamsen,Roselia Pinxton,rpinxton99@canalblog.com,118-336-6201,363
,Pedro Slinger,Fawnia Schimke,fschimke9a@illinois.edu,894-955-2917,989
,Ashli Yushmanov,Bruis Greedyer,bgreedyer9b@sitemeter.com,418-162-4812,217
,Brigham Gentiry,Cyb Barttrum,cbarttrum9c@nps.gov,472-188-1803,585
,Dot Kilbride,Bertie Rivallant,brivallant9d@vistaprint.com,753-830-6625,326
,Hannis Collinson,Joann Molan,jmolan9e@comsenz.com,398-885-9189,591
,Sibella Boarer,Alexis Chippindall,achippindall9f@sciencedirect.com,260-133-2562,392
,Lisa Lanahan,Daisie Fearnall,dfearnall9g@geocities.jp,289-860-4217,828
,Cheri Troup,Cedric Coulthurst,ccoulthurst9h@homestead.com,513-864-6989,407
,Christian Abercromby,Moss Pardi,mpardi9i@ask.com,539-695-1347,813
,Eunice Danton,Amil Tudgay,atudgay9j@mit.edu,371-522-8635,66
,Darcee Kirstein,Talya Janus,tjanus9k@cbc.ca,470-170-9255,355
,Tommy Whitfield,Eward Ketch,eketch9l@umn.edu,639-670-4983,802
,Rivy O'Shevlin,Simone Vandenhoff,svandenhoff9m@istockphoto.com,342-891-1180,509
,Susy Klimkov,Tades Robinson,trobinson9n@usatoday.com,399-768-3555,142
,Marlena Duesberry,Alida Northidge,anorthidge9o@shutterfly.com,329-667-3101,339
,Micaela Konert,Jo-anne Thornley,jthornley9p@dailymail.co.uk,625-745-3854,900
,Salomon Billiard,Quincey Pattie,qpattie9q@163.com,371-217-9611,839
,Chick Fawlo,Emmalynn MacLise,emaclise9r@arstechnica.com,634-178-9107,103
,Aluin Korda,Emma Delves,edelves9s@woothemes.com,335-778-3448,673
,Jaquenette Downie,Alvinia Creggan,acreggan9t@buzzfeed.com,954-879-2955,519
,Bogart Scandrett,Chester Tomanek,ctomanek9u@technorati.com,609-413-0502,631
,Patsy Lepoidevin,Dolph Ander,dander9v@bluehost.com,851-719-3775,272
,Melba Petry,Cris Kamien,ckamien9w@samsung.com,675-579-5678,96
,Hesther O'Neal,Armstrong Stailey,astailey9x@gmpg.org,110-434-2918,119
,Lucilia Reilinger,Aloysia Ladlow,aladlow9y@ovh.net,305-638-4475,343
,Milissent Sandry,Hailee Dumper,hdumper9z@netscape.com,145-463-4769,444
,Garner Stickells,Lizabeth Cockren,lcockrena0@ft.com,515-795-7566,169
,Sapphire Brash,Rutger Popelay,rpopelaya1@yahoo.co.jp,849-268-9377,104
,Anni Kinchlea,Raymund Coddington,rcoddingtona2@yolasite.com,279-164-6247,188
,Edmon Worlidge,Francyne Foxall,ffoxalla3@rediff.com,336-500-4660,560
,Lawton Breslane,Glendon Piggins,gpigginsa4@constantcontact.com,125-724-4587,346
,Kipp McHaffy,Cy Covely,ccovelya5@yahoo.co.jp,165-446-6487,559
,Leila Dowty,Giana Curnokk,gcurnokka6@gizmodo.com,777-937-0518,958
,Fax Pieper,Essa Offord,eofforda7@deliciousdays.com,551-844-4755,381
,Mendel Wensley,Josi Mansour,jmansoura8@live.com,472-490-5725,325
,Marissa Salvador,Marvin Adanez,madaneza9@europa.eu,843-911-0796,160
,Ivor Cordeux,Donetta Havick,dhavickaa@opensource.org,129-993-8447,114
,Prince Tart,Robbert McGiveen,rmcgiveenab@usgs.gov,243-495-0746,698
,Dewitt Rohlfing,Aldric Upham,auphamac@mozilla.org,230-883-2481,849
,Lianna Ferier,Livy Harcus,lharcusad@google.com,159-332-3247,737
,Adara Buist,Gavrielle McCalum,gmccalumae@usnews.com,118-576-8531,903
,Krissy Foard,Howard Cuddy,hcuddyaf@privacy.gov.au,882-169-3950,822
,Wilbert Finnigan,Roselin McCrow,rmccrowag@icq.com,973-598-4951,271
,Moe Kite,Simone Kingsman,skingsmanah@epa.gov,262-702-9953,477
,Borg Longstaffe,Mable Ilyas,milyasai@so-net.ne.jp,808-450-5279,626
,Jacky Ingarfill,Hortense McGeady,hmcgeadyaj@ihg.com,562-193-6847,822
,Delila Kibbee,Queenie Robilliard,qrobilliardak@alexa.com,425-742-5883,27
,Carline Balfre,Seumas Decruse,sdecruseal@blogtalkradio.com,805-580-9535,99
,Babbie Waskett,Evy Blasoni,eblasoniam@blinklist.com,604-458-6760,602
,Zandra Theuff,Ricki Edwins,redwinsan@desdev.cn,278-985-1391,739
,Clementia Eisikowitch,Waldemar Frowde,wfrowdeao@weibo.com,614-837-9030,783
,Ely Darch,Noam Simonelli,nsimonelliap@bravesites.com,659-760-4375,363
,Malena Beardshall,Enos Garling,egarlingaq@123-reg.co.uk,116-337-9641,636
,Tedmund Gatheridge,Elden Kinnane,ekinnanear@booking.com,705-314-0720,359
,Hali Davinet,Adella Parish,aparishas@example.com,260-904-5114,278
,Nester Burgett,Lucien Cobden,lcobdenat@ucoz.com,509-487-9688,445
,Vonny Cuncliffe,Guglielma Tortoishell,gtortoishellau@salon.com,230-810-5058,461
,Arielle McMenamie,Lettie Copcote,lcopcoteav@cafepress.com,923-967-9788,640
,Sile Gaynes,Tiffi Frankis,tfrankisaw@sfgate.com,264-207-3690,539
,Shanan Thew,Caressa McReath,cmcreathax@google.nl,382-861-9074,11
,Lisle Chafer,Sofia Godspeede,sgodspeedeay@google.nl,237-154-4573,618
,Isiahi Grennan,Colene McGriffin,cmcgriffinaz@boston.com,632-295-0047,741
,Isidora Brobak,Jessey Hanway,jhanwayb0@trellian.com,143-621-7512,808
,Northrup Draxford,Thorn Wreford,twrefordb1@yellowbook.com,263-580-2068,78
,Sabrina Edess,Serene Swallwell,sswallwellb2@hibu.com,362-332-5551,77
,Hedwig Carillo,Caryl Kingscott,ckingscottb3@foxnews.com,295-163-6552,172
,Ardenia Hruska,Blair Innett,binnettb4@themeforest.net,127-881-6899,339
,Obidiah Doyley,Gail Simakov,gsimakovb5@google.it,597-475-3687,905
,Moina Brunger,Odo Chase,ochaseb6@unblog.fr,651-628-2149,182
,Free Marzella,Zaccaria Franke,zfrankeb7@merriam-webster.com,953-926-8250,961
,Angelia Villaron,Isidore Ilymanov,iilymanovb8@tinyurl.com,943-124-3651,16
,Midge Koba,Stanislaus Pentycost,spentycostb9@cmu.edu,639-200-5762,299
,Alain Klausen,Shurwood Leinweber,sleinweberba@who.int,203-671-2808,871
,Teddie Geelan,Rosetta Grotty,rgrottybb@google.pl,407-976-0672,336
,Donny Klimko,Andy Illsley,aillsleybc@indiatimes.com,834-472-7813,909
,Nerte Dennistoun,Emmalynn Quincey,equinceybd@alibaba.com,520-871-7516,790
,Ediva Gaunter,Ervin Jackling,ejacklingbe@tripod.com,921-899-5640,614
,Bili Daynter,Lela Bellefonte,lbellefontebf@elpais.com,143-206-8057,692
,Peg Grgic,Estele Gold,egoldbg@ucoz.ru,153-758-9285,628
,Kalil Wilne,Torr Kitchaside,tkitchasidebh@printfriendly.com,669-596-5725,174
,Byrann Janacek,Gage Kislingbury,gkislingburybi@fotki.com,798-888-5734,31
,Carlota Rimer,Germaine Rouch,grouchbj@mozilla.com,146-352-1518,707
,Ferdinanda Aubrey,Israel Pallent,ipallentbk@princeton.edu,896-340-8895,176
,Haily Raisher,Fulton Hanlin,fhanlinbl@icq.com,168-462-2979,336
,Gertrude McGenn,Clair Clayfield,cclayfieldbm@google.ru,754-841-1554,235
,Karole Wackly,Rochelle Pau,rpaubn@shop-pro.jp,173-820-3834,95
,Branden Brahan,Vasily Salling,vsallingbo@google.it,956-482-5401,903
,My O'Deoran,Lowrance Wales,lwalesbp@shop-pro.jp,743-914-8452,579
,Lanny Hinks,Aland Rodell,arodellbq@earthlink.net,157-205-4567,920
,Daffi Pepall,Ara Leverentz,aleverentzbr@infoseek.co.jp,230-797-2855,96
,Augustin Antliff,Burl Moyce,bmoycebs@wikia.com,171-513-8429,405
,Audra Tatters,Zebulen McCulley,zmcculleybt@engadget.com,939-255-9359,231
,Charity Habberjam,Olly Dockrell,odockrellbu@shutterfly.com,390-855-7617,101
,Helli Ahern,Kaia Drakard,kdrakardbv@bandcamp.com,198-949-3491,399
,Joann Murdy,Tisha Shorto,tshortobw@technorati.com,819-394-7314,237
,Jory Feehily,Anabel Gilardoni,agilardonibx@360.cn,182-209-8734,438
,Colly Kleewein,Hakeem Rieger,hriegerby@bizjournals.com,535-181-3881,433
,Neda Bingall,Christoforo Ritson,critsonbz@vimeo.com,636-486-5457,835
,Rora Eveling,Janie Munday,jmundayc0@sohu.com,746-635-1461,823
,Papageno Kendrick,Dudley Chicken,dchickenc1@ftc.gov,595-673-0690,192
,Branden Danielsky,Cozmo Zanolli,czanollic2@census.gov,148-824-7869,610
,Andrus McOrkill,Lilli Dewi,ldewic3@meetup.com,494-520-8881,831
,Diego Gabby,Merilyn Perico,mpericoc4@yahoo.com,141-824-9511,935
,Hendrick Renzo,Alex Stables,astablesc5@is.gd,522-428-9770,865
,Millicent Barclay,Ginny Huffey,ghuffeyc6@pen.io,431-286-7919,844
,Hamid Klimshuk,Keeley Saenz,ksaenzc7@ucsd.edu,287-349-5215,132
,Matthias McGuirk,Ronnica Baistow,rbaistowc8@irs.gov,686-751-7628,376
,Dale Twentyman,Hale Flucker,hfluckerc9@cisco.com,534-494-9735,291
,Mikkel Dumingo,Emmalyn Heathorn,eheathornca@eventbrite.com,259-481-0981,258
,Gage Moyne,Johnathan Ribbon,jribboncb@mysql.com,100-581-4193,986
,Bevan Gomby,Merline Wilmut,mwilmutcc@umn.edu,756-707-1414,244
,Cassandre Hughf,Guglielma Hallahan,ghallahancd@time.com,974-596-1786,185
,Lisle Blaiklock,Sayre Withull,swithullce@printfriendly.com,282-407-4112,905
,Findlay Ewebank,Leonerd McMillan,lmcmillancf@infoseek.co.jp,458-973-7424,779
,Harv Tibbs,Matthus Dyster,mdystercg@ed.gov,936-286-9716,682
,Janeen Macilhench,Darrick Jeannaud,djeannaudch@timesonline.co.uk,403-612-0261,612
,Major Hallibone,Lisle Tweedy,ltweedyci@histats.com,198-292-1273,728
,Janeva Dmitrievski,Audrye Castard,acastardcj@phoca.cz,403-715-3697,856
,Leann Liggens,Diannne Daveren,ddaverenck@howstuffworks.com,384-726-6739,683
,Melly Cardow,My Hadland,mhadlandcl@goo.ne.jp,457-194-2234,560
,Harriott Keel,Lezley Barnes,lbarnescm@ft.com,652-883-1378,400
,Al Tures,Tremain Jaouen,tjaouencn@qq.com,374-629-0698,686
,Gawen Reisenberg,Theressa Cavendish,tcavendishco@loc.gov,811-435-6310,454
,Hermon Minerdo,Ronny Havvock,rhavvockcp@t-online.de,744-841-5712,548
,Mei Corkan,Barney Shortell,bshortellcq@weebly.com,193-539-2854,543
,Heinrik Day,Ange Broome,abroomecr@spiegel.de,184-896-4428,635
,Reina Stener,Dori Behrend,dbehrendcs@1und1.de,479-491-9842,225
,Stanislas Climie,Nicolais Burford,nburfordct@geocities.jp,898-218-7246,87
,Ronda Cisec,Byrann Gowanlock,bgowanlockcu@infoseek.co.jp,886-792-9997,527
,Augy Jillett,Marley Ghilardini,mghilardinicv@about.com,778-236-6214,849
,Isabella Room,Dianne Sivewright,dsivewrightcw@reddit.com,194-467-3032,365
,Aigneis Pancoust,Meggie Marco,mmarcocx@shareasale.com,962-178-9661,832
,Krispin Stopper,Kinnie Begent,kbegentcy@eepurl.com,184-584-8121,849
,Dennis McCourtie,Karita Sorton,ksortoncz@opensource.org,949-419-9424,216
,Felipa Paulou,Alastair Macvey,amacveyd0@mapquest.com,121-291-9727,716
,Muire Spatoni,Eadith Riccardi,ericcardid1@adobe.com,690-881-0713,935
,Morten Everex,Waylon Luscott,wluscottd2@alibaba.com,690-731-1601,48
,Theobald Sommerled,Teresa Whittet,twhittetd3@fotki.com,660-838-9610,463
,Rosemaria Dinsdale,Savina Ifill,sifilld4@1688.com,895-734-6156,955
,Etan Parkhouse,Venus Scaplehorn,vscaplehornd5@tamu.edu,394-705-1945,312
,Ronny Geggie,Stanfield Malkie,smalkied6@woothemes.com,440-723-6263,870
,Lane Matthai,Devland Cockerham,dcockerhamd7@elegantthemes.com,914-726-3307,365
,Faulkner Maudson,Alphonse Critzen,acritzend8@reddit.com,821-476-2704,164
,Charmine Licari,Wilma Darwood,wdarwoodd9@oaic.gov.au,881-196-0476,948
,Suzanne Poyser,Kennith Impey,kimpeyda@si.edu,424-635-2646,838
,Dominga Bawme,Bennett Gregore,bgregoredb@networkadvertising.org,447-413-3047,503
,Burt Caustic,Baird Penrice,bpenricedc@bloglovin.com,967-654-5713,482
,Fayre Fairbrass,Gusella Shark,gsharkdd@webmd.com,514-382-0745,82
,Haze Cope,Bernardo Edrich,bedrichde@smugmug.com,811-324-0124,24
,Joletta Paal,Dalia Bickers,dbickersdf@blinklist.com,904-668-6501,80
,Beale Friary,Karlotta Free,kfreedg@archive.org,793-223-6365,411
,Yanaton Dauber,Guendolen Simonelli,gsimonellidh@shop-pro.jp,421-349-6931,706
,Karie Bredbury,Dulcie Coonihan,dcoonihandi@ycombinator.com,626-509-4424,456
,Catarina McGahey,Vasily Skitterel,vskittereldj@digg.com,615-179-4160,293
,Tabor Loughton,Alameda Petrakov,apetrakovdk@skype.com,101-726-6203,162
,Calli McIlmurray,Evita Whitford,ewhitforddl@opensource.org,525-983-9431,726
,Taddeusz Cudbertson,Vanessa Conn,vconndm@ucoz.com,764-403-4071,364
,Pru Rewbottom,Vite Vaines,vvainesdn@sciencedirect.com,200-497-1734,441
,Carolee Curado,Branden Arnall,barnalldo@sogou.com,857-532-3656,934
,Latrena Tuffey,Ariel Bellay,abellaydp@creativecommons.org,293-169-5685,303
,Mickey Petters,Kip Klimshuk,kklimshukdq@nih.gov,939-138-5043,598
,Israel O'Hdirscoll,Erika Carlin,ecarlindr@nps.gov,218-427-9124,313
,Kore Easterfield,Dolorita Masey,dmaseyds@nih.gov,230-685-7437,693
,Marin Mahady,Marianna Littlekit,mlittlekitdt@weather.com,412-720-7223,342
,Meggi Pomfret,Eric Strover,estroverdu@mozilla.com,781-359-9172,947
,Matty Morales,Farah Kavanagh,fkavanaghdv@xinhuanet.com,351-190-9264,500
,Townsend Seaman,Lacy Sansum,lsansumdw@sitemeter.com,467-268-1286,311
,Bobbie Birchenhead,Eldin Burdfield,eburdfielddx@guardian.co.uk,643-643-6452,217
,Courtnay Faltin,Wilie Catley,wcatleydy@jugem.jp,584-498-8648,511
,Chandra Noel,Leland Liell,llielldz@wordpress.com,449-876-9741,356
,Dannel Wyldbore,Hamlen Melin,hmeline0@scientificamerican.com,967-294-5652,34
,Lucky Chiles,Joshua Prise,jprisee1@opera.com,414-349-0097,566
,Harmony Sanja,Zuzana Pidgin,zpidgine2@fema.gov,768-241-8880,397
,Gigi Merchant,Tommie Pledge,tpledgee3@myspace.com,610-271-5046,949
,Asa Crocken,Ulrich Jovic,ujovice4@unc.edu,342-758-5510,497
,Tilda Warfield,Arnoldo Quakley,aquakleye5@oaic.gov.au,776-878-2898,196
,Kimberlyn Liggens,Melantha Pyrton,mpyrtone6@mozilla.com,776-462-5107,395
,Rand Fechnie,Garvey Kase,gkasee7@ftc.gov,215-533-2365,856
,Tristam Leadbitter,Gabriello Orchard,gorcharde8@cargocollective.com,439-863-2319,521
,Dominga Joan,Cecelia Haighton,chaightone9@microsoft.com,499-120-1894,947
,Petunia Revie,Cate Crimmins,ccrimminsea@sitemeter.com,780-798-0671,809
,Dulcia Dowse,Talbert O'Sirin,tosirineb@techcrunch.com,219-307-1782,246
,Ibby Iannuzzi,Sabine Thorburn,sthorburnec@ning.com,957-980-3079,357
,Liane Janusik,Lesly Jeayes,ljeayesed@phpbb.com,572-847-3219,438
,Ariella Cheng,Nye Sizeland,nsizelandee@flavors.me,399-558-3101,38
,Annnora Dady,Vonny Fatkin,vfatkinef@ucoz.ru,672-382-0357,254
,Humbert Skarin,Anthe Cosby,acosbyeg@ucoz.ru,628-417-2797,451
,Brietta Medgewick,Gertie Rosling,groslingeh@ox.ac.uk,374-785-0083,458
,Cordy Manns,Nick Mein,nmeinei@nytimes.com,781-187-1064,917
,Pris Corhard,Arney Spolton,aspoltonej@examiner.com,439-780-7333,784
,Aimil Harman,Kass Luther,klutherek@blinklist.com,524-203-8118,359
,Freedman Foote,Katharine Simonetto,ksimonettoel@hao123.com,500-174-2525,236
,Letitia Congreave,Maria Yes,myesem@imgur.com,179-479-7860,921
,Gail Simoens,Marybeth Flatte,mflatteen@google.com.br,608-500-4985,562
,Radcliffe Palethorpe,Ken Broodes,kbroodeseo@linkedin.com,481-736-5509,389
,Hermon Cyples,Tucky Tesche,ttescheep@census.gov,310-825-4301,828
,Damien Clace,Salvatore Readett,sreadetteq@barnesandnoble.com,817-848-7861,838
,Ilysa Ollier,Marylee Matiebe,mmatiebeer@sogou.com,890-970-9140,263
,Kort Carss,Mariska Purselow,mpurselowes@google.pl,717-951-5124,870
,Davide Fulger,Laurel Schrir,lschriret@ebay.co.uk,473-307-4051,992
,Patty Tree,Stephannie Tante,stanteeu@hostgator.com,392-454-6026,663
,Nannie Sudell,Nicky Degli Antoni,ndegliev@sina.com.cn,474-597-2169,779
,Aguistin Glenister,Meara Tourle,mtourleew@homestead.com,117-470-1534,899
,Ellswerth McCory,Lianna Vivian,lvivianex@amazonaws.com,161-875-5338,938
,Katherina Macklam,Uri Bassett,ubassettey@wiley.com,976-537-5101,395
,Ruperto Everal,Roanne Bischof,rbischofez@earthlink.net,144-886-9743,114
,Reba Tummasutti,Chadd Boustead,cbousteadf0@marketwatch.com,864-925-7684,4
,Nancy Andrei,Evie Janc,ejancf1@wordpress.org,323-263-2833,255
,Alexandre Lough,Twyla Dennitts,tdennittsf2@scientificamerican.com,666-387-9669,867
,Brittne Rutley,Darrel Thams,dthamsf3@nhs.uk,933-935-2428,490
,Reine Braga,Thebault Domney,tdomneyf4@google.cn,642-856-8876,254
,Evelina Frome,Gerda Antoszewski,gantoszewskif5@furl.net,315-485-4879,844
,Jobie Waggatt,Susanne Touson,stousonf6@csmonitor.com,350-492-4752,611
,Emery Tebb,Cesar Prest,cprestf7@prlog.org,978-896-5413,706
,Caesar Kemet,Elwin Hughman,ehughmanf8@theatlantic.com,517-357-6763,897
,Odille Manning,Sarette Brecknock,sbrecknockf9@reference.com,820-212-1369,954
,Vergil Bisp,Zack Houchin,zhouchinfa@sbwire.com,886-205-4691,413
,Gabbi Wanklin,Margery Beeton,mbeetonfb@alibaba.com,848-453-9247,39
,Karrah Quare,Marcus Rust,mrustfc@flickr.com,398-692-0904,66
,Joscelin Vicent,Kaspar Chazier,kchazierfd@mtv.com,768-749-1941,104
,Shina Raft,Vale Shah,vshahfe@webmd.com,472-603-6479,287
,Merv Hamberstone,Gabey Wolfarth,gwolfarthff@wordpress.com,673-825-1164,874
,Jodi Rawle,Cordie Guyet,cguyetfg@163.com,643-497-8968,732
,Tanhya Papen,Leoine McShea,lmcsheafh@icio.us,315-632-7383,712
,Theodosia Leeburn,Nat Marland,nmarlandfi@alexa.com,689-533-4874,679
,Valli Kruse,Shaughn Robottham,srobotthamfj@nifty.com,280-574-4967,777
,Kandace Lassells,Ericka Kenealy,ekenealyfk@miitbeian.gov.cn,181-517-3472,911
,Elenore Port,Brett Douberday,bdouberdayfl@yelp.com,931-157-6962,122
,Tracy Crutchfield,Hobard Beaze,hbeazefm@nih.gov,404-669-2135,578
,Trip Whissell,Anna-diana Haugeh,ahaugehfn@bloglines.com,544-100-7067,522
,Foster Ronayne,Phineas Brazil,pbrazilfo@census.gov,470-857-3999,651
,Abbot Lerigo,Karoline Cross,kcrossfp@weibo.com,652-949-3829,948
,Umeko Loadwick,Theresa Dreher,tdreherfq@army.mil,676-523-2221,417
,Bogart MacKeogh,Bobbette Christou,bchristoufr@sun.com,202-564-6728,170
,Nike Pavlik,Lauren Aiston,laistonfs@etsy.com,135-914-9208,839
,Shayna Ferronel,Perrine Late,plateft@cbsnews.com,255-898-7421,950
,Art Elvish,Jaime Scroyton,jscroytonfu@mashable.com,789-648-6462,427
,Emlyn Corbin,Jacinthe Keyzman,jkeyzmanfv@bluehost.com,252-380-4314,703
,Elysee Leicester,Aeriel Warlow,awarlowfw@moonfruit.com,127-148-1797,230
,Nicola Lorenz,Clerissa Craw,ccrawfx@bigcartel.com,864-309-8481,661
,Courtney Seagar,Renard Bacop,rbacopfy@wufoo.com,130-565-1497,444
,Garv Stainson,Arman Ottee,aotteefz@desdev.cn,413-315-2865,904
,Waiter Feasey,Zak Anten,zanteng0@csmonitor.com,692-523-6010,211
,Portia Blaschek,Ruy Kunzel,rkunzelg1@t.co,823-680-5793,737
,Ricoriki Bardwall,Modesty Dollard,mdollardg2@pen.io,513-470-0527,600
,Sheila-kathryn Torr,Colene Style,cstyleg3@sina.com.cn,597-506-7888,813
,Jane White,Kath Durtnal,kdurtnalg4@accuweather.com,798-328-0789,575
,Mercie Vashchenko,Vinson Haskett,vhaskettg5@netscape.com,680-925-3527,56
,Calv Gabbitis,Farrah Nowaczyk,fnowaczykg6@house.gov,597-354-6495,784
,Michelle Piechnik,Priscilla Lawling,plawlingg7@buzzfeed.com,670-346-3250,309
,Lucio Kibbel,Gladys Flemyng,gflemyngg8@mozilla.com,105-616-5379,612
,Jackie Baptie,Torin Joll,tjollg9@skype.com,120-239-9078,876
,Dom Woolard,Janeczka BoHlingolsen,jbohlingolsenga@myspace.com,269-844-6553,141
,Maye Brehault,Julia Nappin,jnappingb@sitemeter.com,583-986-5472,601
,Vivien Garett,Berny Chetwynd,bchetwyndgc@cocolog-nifty.com,684-979-4695,326
,Cart Bamber,Shandy Bawdon,sbawdongd@nytimes.com,119-588-5955,536
,Irwin Dametti,Darrin Ferrarotti,dferrarottige@booking.com,564-742-8280,206
,Valery Soutar,Ashly Moy,amoygf@epa.gov,230-349-4594,839
,Lief Gypps,Way Forsythe,wforsythegg@ucsd.edu,869-590-2396,796
,Fara Durkin,Annalee Fretter,afrettergh@blogger.com,347-789-0727,546
,Dav Lamas,Chicky Edelmann,cedelmanngi@nymag.com,295-492-0310,456
,Vanda Cleugh,Ally Amos,aamosgj@privacy.gov.au,805-899-5276,436
,Tuckie Matten,Amandy Stanbro,astanbrogk@washingtonpost.com,131-440-5094,128
,Catharina Whitters,Cyndie Dorling,cdorlinggl@illinois.edu,833-945-4563,84
,Den Sebert,Bartram Tofpik,btofpikgm@berkeley.edu,601-608-5940,547
,Etty Camin,Lotta Branno,lbrannogn@nature.com,518-503-2102,760
,Dara Zapatero,Courtnay Halbard,chalbardgo@constantcontact.com,502-255-0964,245
,Stavro De Ambrosi,Zorine Stonebanks,zstonebanksgp@mozilla.com,941-262-9270,562
,Evania Myner,Kimmie Maevela,kmaevelagq@ezinearticles.com,322-706-4505,115
,Samson Lafrentz,Geoffry Shallcross,gshallcrossgr@prnewswire.com,504-709-1256,539
,Caressa Struis,Mason Seeds,mseedsgs@shinystat.com,823-148-5810,893
,Dominik Dombrell,Cathi Rushbury,crushburygt@icq.com,253-675-5859,841
,Shellie Mcwhinnie,Brittni Haskey,bhaskeygu@reddit.com,626-183-1892,298
,Desiree Kurth,Tamara Chessell,tchessellgv@istockphoto.com,856-927-7665,23
,Ruttger Ales0,Marcile Tuite,mtuitegw@t-online.de,266-754-3731,703
,Antonella Bewshaw,Sonnie Bedinn,sbedinngx@craigslist.org,453-874-1355,83
,Belia Hartshorn,Carissa Pashby,cpashbygy@forbes.com,942-801-2489,946
,Janine Alven,Doria Figgess,dfiggessgz@eepurl.com,179-566-5980,285
,Melisenda Moulding,Eden Petcher,epetcherh0@disqus.com,522-596-0359,379
,Letitia Itzchaki,Cinnamon Wakenshaw,cwakenshawh1@biglobe.ne.jp,805-268-0536,559
,Darbee Kornyshev,Marley Beddow,mbeddowh2@seattletimes.com,150-880-1909,431
,Henrietta Crosgrove,Anabelle Coalbran,acoalbranh3@mediafire.com,576-875-2221,256
,Fenelia Santore,Chance McGorley,cmcgorleyh4@uol.com.br,302-988-4855,380
,Lotty Kings,Barret Dacks,bdacksh5@spiegel.de,402-401-3572,289
,Bernice Menauteau,Stafford Walbrook,swalbrookh6@globo.com,350-446-4570,331
,Errol Roggeman,Jacinda Fellows,jfellowsh7@vimeo.com,641-593-0816,270
,Rob Bodiam,Dannie Searight,dsearighth8@newyorker.com,330-134-0223,509
,Vladimir Gridon,Dianne Kliner,dklinerh9@vk.com,296-236-8019,850
,Lenka Douche,Efren Stenner,estennerha@merriam-webster.com,817-199-7441,68
,Emanuele Koene,Mitchel Cowwell,mcowwellhb@etsy.com,516-693-2686,129
,Balduin Jeskins,Brynna Coon,bcoonhc@yolasite.com,729-635-0160,818
,Emyle Loveless,Cori Castagneri,ccastagnerihd@squidoo.com,812-850-8327,485
,Nell Bogey,Barty Lago,blagohe@auda.org.au,182-288-6974,423
,Molli Hafford,Verine Poulney,vpoulneyhf@si.edu,283-439-2034,126
,Selma Crocombe,Fabio Guly,fgulyhg@dot.gov,542-565-6571,242
,Miran Brettelle,Melitta Ruhben,mruhbenhh@patch.com,728-897-0529,740
,Marshall Hawtry,Bethany Richfield,brichfieldhi@wisc.edu,522-266-1059,980
,Sean Siviter,Clerc Chastanet,cchastanethj@walmart.com,325-320-0966,698
,Sal Garnall,Odelle Ell,oellhk@geocities.jp,148-681-9718,246
,Sigrid Olander,Lesley Van Arsdalen,lvanhl@zdnet.com,797-651-3665,931
,Darsey Openshaw,Harmon Freegard,hfreegardhm@mapquest.com,193-641-7192,210
,Emalia Devas,Homere Petriello,hpetriellohn@artisteer.com,901-569-6568,7
,Dag Lapre,Orran Whittington,owhittingtonho@cisco.com,592-925-6219,433
,King Spurrior,Hendrick Valentinetti,hvalentinettihp@opera.com,511-349-4939,685
,Minnie Morena,Crystal Stracey,cstraceyhq@boston.com,363-874-0972,534
,Tabbi Ayliffe,Ellsworth Weed,eweedhr@unicef.org,455-648-3199,3
,Constantino Schult,Tremain Dana,tdanahs@indiegogo.com,447-273-4160,794
,Winnifred Sharper,Adriana Aldwick,aaldwickht@freewebs.com,728-309-0049,728
,Elisa Cescot,Norine Sarjeant,nsarjeanthu@tinyurl.com,773-937-0610,125
,Joseito Humm,Ephraim Harring,eharringhv@vistaprint.com,120-603-1877,342
,Leone Lattie,Clarita King,ckinghw@wikimedia.org,519-424-9400,571
,Desiree Murley,Kakalina Petasch,kpetaschhx@bravesites.com,486-565-1556,281
,Yankee BURWIN,Adelbert Cavill,acavillhy@desdev.cn,732-902-7655,48
,Dyan Nugent,Bartlet MacRirie,bmacririehz@photobucket.com,757-249-2950,544
,Cordy Musker,Jori MacCarroll,jmaccarrolli0@marriott.com,431-159-8952,59
,Marcile Doberer,Myrtice Polotti,mpolottii1@uiuc.edu,286-719-3305,646
,Thurstan Rizon,Josee Demead,jdemeadi2@bluehost.com,174-468-9704,944
,Glenda Dowyer,Birch Rayson,braysoni3@intel.com,353-412-2187,672
,Peyter Joesbury,Carolyne Polak,cpolaki4@cnet.com,525-395-8570,296
,Francisco Haselup,Chester Shallcross,cshallcrossi5@google.com,828-129-3583,102
,Sheff Allbrook,Ronny Moules,rmoulesi6@dion.ne.jp,521-848-3687,806
,Siana Leacy,Bartholomew Chesshyre,bchesshyrei7@cdbaby.com,108-361-7822,826
,Christoffer Sparrowe,Misha Jaggi,mjaggii8@google.fr,681-141-7934,670
,Emelita Nerney,Magnum Sampson,msampsoni9@springer.com,645-747-2453,859
,Guntar Coggeshall,Cathryn Kolin,ckolinia@utexas.edu,117-210-5292,817
,Hyacintha Dawtrey,Verge Hegley,vhegleyib@hhs.gov,186-630-1839,674
,Cassaundra Inglefield,Dela Jacks,djacksic@apple.com,834-828-7895,568
,Artair Bartolini,Sherlocke Pitrelli,spitrelliid@tripod.com,463-801-2911,313
,Jeni Rankmore,Temp Conichie,tconichieie@arizona.edu,691-963-5605,163
,Shay Bellefonte,Marcus Yallowley,myallowleyif@elegantthemes.com,765-190-4327,979
,Yolanthe Hume,Neron Kleen,nkleenig@statcounter.com,147-280-2067,532
,Cassy Banville,Saundra Drowsfield,sdrowsfieldih@amazon.com,513-327-1105,779
,Rozele Eccles,Darlleen Romer,dromerii@cmu.edu,817-834-7823,212
,Robena Caze,Franciska Whitcher,fwhitcherij@mozilla.com,209-891-8386,403
,Milka Frear,Cristy Beamont,cbeamontik@cyberchimps.com,846-334-5173,251
,Jodee Feye,Gunilla Feedome,gfeedomeil@symantec.com,340-442-2815,148
,Beilul Edmeades,Lionello Soane,lsoaneim@wikispaces.com,212-474-5565,300
,Marta Henighan,Francoise Copsey,fcopseyin@privacy.gov.au,402-984-1888,59
,Alene Ferronel,Annmaria Serle,aserleio@naver.com,181-609-2600,989
,Iris Darcy,Lita Benedito,lbeneditoip@tumblr.com,424-902-3711,39
,Danie Timlett,Timotheus Crowth,tcrowthiq@businessweek.com,614-705-9593,370
,Domini Borles,Timoteo Mattiato,tmattiatoir@issuu.com,762-213-6913,287
,Harman Rupel,Damita Dumini,dduminiis@cnet.com,518-146-8608,14
,Leonanie Chantillon,Shay Chichgar,schichgarit@theglobeandmail.com,610-247-9097,831
,Moises Binning,Lona Cuberley,lcuberleyiu@google.ru,848-395-4044,261
,Yvonne Chafer,Suzy Kennally,skennallyiv@yolasite.com,422-576-3422,715
,Karalynn Oneal,Gertrude Pilsbury,gpilsburyiw@prnewswire.com,311-763-8847,673
,Lindi Scollan,Crosby Searle,csearleix@sfgate.com,948-320-6320,969
,Simonne Merfin,Marjy Piller,mpilleriy@netlog.com,647-953-4441,115
,Isaac Hedges,Cob Beaman,cbeamaniz@aol.com,172-669-3933,74
,Cristi Keysall,Jeffry Mettricke,jmettrickej0@soup.io,537-295-7554,90
,Georgeanne Whewell,Levy Pottie,lpottiej1@springer.com,664-399-0380,564
,Etienne Seys,Sergeant Wadwell,swadwellj2@java.com,477-837-4938,858
,Berta Ameer-Beg,Bethanne Jowsey,bjowseyj3@cyberchimps.com,750-563-2296,547
,Augustine Proudlove,Tobe Scotford,tscotfordj4@altervista.org,470-573-5320,737
,Gloriana Phythian,Malissa Blackborough,mblackboroughj5@goo.gl,774-157-8740,594
,Angus Cotsford,Livia Cumberpatch,lcumberpatchj6@kickstarter.com,607-521-8738,935
,Faun Meany,Estrella Ruvel,eruvelj7@amazon.com,705-430-5224,996
,Heath Ibel,Gwendolin Winchcomb,gwinchcombj8@google.de,888-965-3768,857
,Deonne Mitkov,Bob Soall,bsoallj9@omniture.com,156-686-5094,325
,Had Kingdon,Nat Canedo,ncanedoja@istockphoto.com,990-431-9547,440
,Jard Cumbes,Archambault Simonnot,asimonnotjb@wunderground.com,930-539-6189,812
,Nicolis Glencrash,Alexandre Anglish,aanglishjc@joomla.org,929-741-5385,956
,Carmencita Wildgoose,Trevor Francesch,tfranceschjd@blinklist.com,915-157-1662,517
,Saloma Shayler,Stormy Filkin,sfilkinje@histats.com,945-267-1402,594
,Elnore McCandie,Estrella Knobell,eknobelljf@un.org,920-808-7370,224
,Diego Pulsford,Guilbert Schreiner,gschreinerjg@patch.com,757-406-8831,237
,Gawain Braime,Shaughn Glendining,sglendiningjh@microsoft.com,720-965-5471,584
,Baxie Ielden,Elvina Coule,ecouleji@admin.ch,972-468-5239,623
,Edlin De Ortega,Cullie Le-Good,clegoodjj@discovery.com,756-526-4033,371
,Marshall Southan,Kirby Balfour,kbalfourjk@yellowbook.com,140-709-5072,933
,Edin Ybarra,Darcee Bisp,dbispjl@ihg.com,678-561-2076,217
,Ruperta Dillway,Ynez Navarro,ynavarrojm@acquirethisname.com,642-379-9869,646
,Barbette Allan,Fawnia Petriello,fpetriellojn@de.vu,364-855-3392,755
,Batsheva Wurz,Roddie Beldon,rbeldonjo@rambler.ru,976-670-2293,13
,Barbabra Layland,Leroi Hastwall,lhastwalljp@pinterest.com,601-690-6540,945
,Ezri Nairy,Quincy Lowther,qlowtherjq@guardian.co.uk,764-806-2124,200
,Illa Spieght,Judye Petrik,jpetrikjr@usgs.gov,470-232-5088,524
,Imojean Colebourn,Elmo Shulem,eshulemjs@domainmarket.com,770-388-9453,767
,Hillier Kighly,Angelia Calan,acalanjt@tripod.com,801-143-6022,448
,Mureil Gowen,Jane Pietruszka,jpietruszkaju@scribd.com,549-318-5722,414
,Jacquelyn Kilgrew,Wilek Ladyman,wladymanjv@fc2.com,776-124-9923,356
,Minette Maslin,Jorrie Ceaser,jceaserjw@nyu.edu,722-172-5236,133
,Adele Kay,Brod Peckham,bpeckhamjx@jimdo.com,988-333-3073,305
,Zollie Antonelli,Ivette Kuhnwald,ikuhnwaldjy@statcounter.com,926-319-2165,5
,Meriel Millbank,Nina Stoggell,nstoggelljz@wired.com,269-393-2706,835
,Donielle Batchellor,Merrie Thornton-Dewhirst,mthorntondewhirstk0@diigo.com,243-110-6599,616
,Gilberta Narbett,Abdul Satchell,asatchellk1@economist.com,718-239-6962,727
,Wilmar Walton,Wyn Kirkby,wkirkbyk2@about.me,315-372-1847,910
,Marice Pache,Lulu Wake,lwakek3@pen.io,168-459-7647,602
,Glory Menault,Starlene Manger,smangerk4@tamu.edu,402-780-5225,108
,Clement Farnaby,Marcela Singers,msingersk5@hibu.com,849-809-4045,972
,Harmonie Skones,Alfreda Few,afewk6@forbes.com,140-113-0609,173
,Ki Pierson,Olag O'Shields,ooshieldsk7@posterous.com,128-117-5813,310
,Ezmeralda Mahedy,Beatrix Truett,btruettk8@nydailynews.com,693-871-1699,404
,Elmer Mcmanaman,Daloris Urwen,durwenk9@lycos.com,518-233-7624,13
,Nan Walasik,Tucky Attree,tattreeka@army.mil,753-779-7121,675
,Carolyn Westmoreland,Viki Beange,vbeangekb@google.pl,663-942-3666,193
,Arlena Bullant,Ardith Goring,agoringkc@earthlink.net,502-907-4540,649
,Joyce Sneaker,Ginger Oblein,gobleinkd@posterous.com,829-112-6146,356
,Tobiah Elsay,Munroe Bunhill,mbunhillke@independent.co.uk,863-204-8248,909
,Perice Churms,Wyndham Kobsch,wkobschkf@fotki.com,394-294-3300,417
,Nettie Paggitt,Millie Barnard,mbarnardkg@usgs.gov,655-625-3664,593
,Reinald Paprotny,Findlay Mileham,fmilehamkh@amazon.co.uk,941-715-6942,438
,Sheppard Benedict,Raven Walhedd,rwalheddki@cdc.gov,465-310-2845,174
,Arie Maggiori,Elene Stittle,estittlekj@nba.com,421-533-3062,345
,Lelia Keenlyside,Hurlee Perelli,hperellikk@dion.ne.jp,374-255-0033,28
,Harri Saturley,Bryant D'Oyley,bdoyleykl@studiopress.com,753-729-9644,527
,Kinnie Somerbell,Clara Loftin,cloftinkm@pinterest.com,413-253-3678,116
,Laura Probbin,Lonni Blackston,lblackstonkn@hexun.com,746-392-9831,47
,Timoteo Duiguid,Mortie Summerfield,msummerfieldko@dedecms.com,764-205-6330,565
,Cristen Preston,Carlee Fields,cfieldskp@huffingtonpost.com,788-462-8116,988
,Kit Greenlies,Kelley Clousley,kclousleykq@cdbaby.com,817-817-9963,227
,Amalea Bailles,Christian Lauderdale,clauderdalekr@opensource.org,334-924-6681,985
,Albie Wrintmore,Molli Spurgeon,mspurgeonks@springer.com,756-148-3765,942
,Stacey Whaplington,Leif Walworche,lwalworchekt@hubpages.com,906-342-1025,784
,Blithe Doge,Berti Zarfati,bzarfatiku@symantec.com,877-988-3036,697
,Sarajane Node,Fina Lovegrove,flovegrovekv@nyu.edu,978-580-1204,707
,Janessa Cantle,Leo Gabbitas,lgabbitaskw@rediff.com,521-366-8921,5
,Dwayne Lamyman,Nixie Morbey,nmorbeykx@cnbc.com,666-680-2510,795
,Patrice Ventam,Nahum Antrobus,nantrobusky@discuz.net,685-317-2994,596
,Brietta Sewall,Tonya Parsell,tparsellkz@blog.com,576-461-4783,742
,Ruby Reuter,Fremont Dunn,fdunnl0@google.it,721-844-4579,431
,Celka Hache,Molly Dawkes,mdawkesl1@hc360.com,598-311-3040,257
,Belia Boam,Delilah Martyns,dmartynsl2@alexa.com,836-721-7566,67
,Philly Bignold,Tome Poundsford,tpoundsfordl3@wisc.edu,569-309-3466,41
,Conni Childerhouse,Gawain Tams,gtamsl4@unesco.org,665-756-9273,972
,Kevin Pardi,Fenelia Cleugh,fcleughl5@weather.com,779-552-3332,202
,Jermaine Blockwell,Dodie Linnemann,dlinnemannl6@squarespace.com,748-123-5716,253
,Norma Harnott,Kellia Wonter,kwonterl7@ezinearticles.com,792-906-3624,791
,Fina Dawbery,Bail Burchall,bburchalll8@tmall.com,510-442-8547,101
,Verna Trye,Wini Dulieu,wdulieul9@example.com,369-336-3792,719
,Marcello Klemke,Hughie Boughen,hboughenla@over-blog.com,716-759-0854,318
,Husein Joffe,Ryun Houselee,rhouseleelb@paypal.com,972-838-2526,605
,Myrtie Gligoraci,Perl Conyer,pconyerlc@wired.com,867-941-6558,798
,Elnore Husby,Holly-anne Ringrose,hringroseld@netvibes.com,250-328-1297,966
,Athena Vivians,Vivyan Borris,vborrisle@flickr.com,709-363-1259,626
,Lin Alexandrou,Alain Girardini,agirardinilf@google.co.uk,711-845-7194,560
,Horatia Blackmoor,Tate Cowherd,tcowherdlg@nasa.gov,364-924-2743,908
,Edlin Januszewicz,Nikolos Midgley,nmidgleylh@boston.com,960-294-5855,315
,Ambrosius Lindroos,Darill Benterman,dbentermanli@wikimedia.org,298-739-1854,670
,Heath Broseke,Caprice Attril,cattrillj@youku.com,876-792-9881,588
,Ogden Scole,Annecorinne Rew,arewlk@redcross.org,842-705-8473,747
,Eleanor Snewin,Melloney McCaskill,mmccaskillll@unesco.org,856-610-3438,18
,Price Rivelin,Leslie Trevaskiss,ltrevaskisslm@ucoz.ru,946-495-7903,380
,Early Lansdowne,Roseline Deverell,rdeverellln@va.gov,239-635-4876,987
,Carlee McCheyne,Karalynn Bygate,kbygatelo@t-online.de,133-604-3844,218
,Fielding Urpeth,Marcy Nertney,mnertneylp@npr.org,804-104-4950,336
,Ryley Staries,Rosco Langham,rlanghamlq@facebook.com,827-601-6476,9
,Hayward Combe,Langston Stenet,lstenetlr@multiply.com,500-940-7256,865
,Osmond Pitkin,Stanislas De Hailes,sdels@unesco.org,741-625-6170,789
,Edna Coote,Thorstein Persey,tperseylt@eventbrite.com,992-813-9234,887
,Berkie Summerill,Janice McCormack,jmccormacklu@google.ru,156-376-2371,994
,Manolo Syversen,Renaldo Aglione,raglionelv@blinklist.com,207-211-8991,836
,Reyna Ewbanche,Kristian Style,kstylelw@cnbc.com,356-737-9390,204
,Cassius Wycherley,Junia Amer,jamerlx@apple.com,384-883-5425,372
,Eula Glasspool,Ardisj Rydzynski,arydzynskily@domainmarket.com,412-420-4433,320
,Philippe Arnaldo,Xerxes Cogdell,xcogdelllz@discuz.net,294-779-3451,251
,Bevvy Le Marquis,Dena Rudolf,drudolfm0@posterous.com,453-770-0786,744
,Grenville Simonelli,Rosalind McVitie,rmcvitiem1@fema.gov,131-887-3186,658
,Tanhya Ferrandez,Elliott Gonnely,egonnelym2@cnbc.com,788-258-7108,326
,Codi Erdes,Prescott Smolan,psmolanm3@mail.ru,934-228-6548,374
,Obed Bore,Ninnetta Chastelain,nchastelainm4@moonfruit.com,520-210-4715,173
,Cam Maslen,Lynnette Shelford,lshelfordm5@reverbnation.com,497-528-8678,293
,Leigha Silverson,Kerby Ladson,kladsonm6@soup.io,247-165-3169,834
,Ulises Priden,Rosemonde O'Sculley,rosculleym7@goo.ne.jp,979-862-8056,623
,Rosa Ceaplen,Boot Burrill,bburrillm8@elpais.com,500-779-8948,808
,Janey Lisimore,Sari Loving,slovingm9@reddit.com,698-699-7308,796
,Tonia Maryman,Brett Roebottom,broebottomma@ycombinator.com,112-819-6541,241
,Mabel Kilvington,Tristan Carnegy,tcarnegymb@privacy.gov.au,175-441-7450,200
,Andras Hanrott,Nye Thying,nthyingmc@histats.com,676-928-8598,803
,Ivett Barnish,Ericha Okey,eokeymd@lulu.com,185-423-2707,421
,Caroljean Tickle,Mickie Janaud,mjanaudme@umn.edu,187-686-9087,437
,Heidie Rowberry,Jerrilee Hoggan,jhogganmf@wix.com,488-162-0576,246
,Carson Bonhome,Nicky Feast,nfeastmg@hao123.com,937-355-3244,417
,Clarice Stapele,Jessica Probart,jprobartmh@wisc.edu,830-478-6791,90
,Nelson Ruusa,Robbert Pendrid,rpendridmi@reverbnation.com,567-297-4215,940
,Marcello Mandre,Levey Bartrap,lbartrapmj@nydailynews.com,878-273-9481,598
,Kissee Johnson,Lotti Harlett,lharlettmk@goo.ne.jp,127-744-9082,280
,Winne Manson,Randolph Marven,rmarvenml@mtv.com,884-115-0825,599
,Darsie Jedrzejkiewicz,Leighton Shucksmith,lshucksmithmm@marriott.com,259-838-0721,196
,Josias Prantoni,Inger Aylmore,iaylmoremn@mit.edu,154-556-8463,311
,Jeanelle Vicent,Jo Twell,jtwellmo@google.ca,663-189-3642,271
,Debbie Georger,Wiley Tilmouth,wtilmouthmp@narod.ru,604-402-4861,227
,Penny Hindrick,Lanette Bremeyer,lbremeyermq@about.com,590-954-4699,285
,Ryann Kimbell,Eryn De Cruce,edemr@comsenz.com,823-573-2792,510
,Ferrell Monnoyer,Ellary Sparkwell,esparkwellms@nih.gov,164-995-1060,621
,Kevon Dowman,Kakalina Pechan,kpechanmt@indiatimes.com,432-162-4817,907
,Abe Pennings,Mariquilla Longmire,mlongmiremu@theatlantic.com,136-594-3292,66
,Gae Feehery,Dynah Saxton,dsaxtonmv@dropbox.com,788-623-0392,196
,Willette Hazeman,Clywd Falla,cfallamw@bbb.org,131-741-7281,384
,Brock Barneveld,Klarrisa Ferrolli,kferrollimx@cocolog-nifty.com,440-893-2252,272
,Marcile Blakiston,Zilvia Palmer,zpalmermy@theglobeandmail.com,288-482-1165,267
,Gardy Rocks,Brianna Volette,bvolettemz@mlb.com,868-785-0226,37
,Locke Battabee,Darleen Sperling,dsperlingn0@chron.com,639-870-8955,868
,Nanice Mohammad,Amory Dalgliesh,adalglieshn1@prnewswire.com,634-183-6092,211
,Derward Farish,Elva Inkster,einkstern2@pinterest.com,169-891-0224,749
,Tamarah Wines,Jeremias Ridsdole,jridsdolen3@about.me,816-206-8239,139
,Theo Josebury,Kellina Bartolomeazzi,kbartolomeazzin4@wix.com,195-797-2846,253
,Ursala Cornish,Cesare Kemell,ckemelln5@engadget.com,689-180-0091,220
,Glendon Treweela,Ede Baylay,ebaylayn6@ehow.com,875-256-8729,677
,Alwin Gully,Coral Northeast,cnortheastn7@rambler.ru,996-606-3008,966
,Monty Sprigging,Laurice Hatherall,lhatheralln8@comsenz.com,114-828-6712,574
,Lorenzo Rowth,Lucais Kohn,lkohnn9@ovh.net,175-957-9106,359
,Christiano Arends,Debbi Golthorpp,dgolthorppna@google.ru,160-200-0502,425
,Mattheus Haveline,Sargent Bright,sbrightnb@livejournal.com,634-568-3070,933
,Bald Tissiman,Korella Gabites,kgabitesnc@usda.gov,654-662-8970,826
,Durward Lilford,Bertine MacCahee,bmaccaheend@craigslist.org,379-334-0769,82
,Milena Kestin,Gustave Verni,gvernine@cbc.ca,263-974-1927,694
,Thaine Skone,Bamby Vedmore,bvedmorenf@friendfeed.com,859-404-6528,886
,Trish Brookes,Betsey Grier,bgrierng@posterous.com,739-661-7706,505
,Joanne Paine,Maitilde Mangin,mmanginnh@mediafire.com,264-870-7746,844
,Molly Wilcock,Keir Menico,kmeniconi@altervista.org,970-796-5299,750
,Tonia Tuddall,Dyann Pharaoh,dpharaohnj@bravesites.com,258-131-2778,416
,Brana Dreinan,Kelsey Goomes,kgoomesnk@amazon.co.uk,798-921-3542,409
,Olwen Starking,Erin Blything,eblythingnl@diigo.com,780-111-3870,521
,Thayne Andrew,Amerigo Gillespey,agillespeynm@ucla.edu,480-906-3435,871
,Kym Le Brum,Marylou Poff,mpoffnn@amazon.com,612-377-5622,638
,Mamie Collingworth,Maryann Argrave,margraveno@meetup.com,559-732-9001,422
,Goddart Crowcroft,Wylma Albasiny,walbasinynp@cpanel.net,273-937-7424,672
,Marysa Dinse,Sigrid Baythrop,sbaythropnq@npr.org,210-774-0935,551
,Wood Arnopp,Joey Ickowics,jickowicsnr@cnet.com,594-389-0182,800
,Fae Orrin,Rani Abden,rabdenns@rediff.com,686-638-7026,163
,Sioux de Clerq,Arlette Thiese,athiesent@phpbb.com,322-324-6769,961
,Natale Bow,Sukey Skittles,sskittlesnu@marriott.com,502-737-7574,666
,Husein Snowdon,Aarika Le Marquis,alenv@ucsd.edu,786-748-4581,48
,Horace Tesyro,Kimble Blackie,kblackienw@webeden.co.uk,515-122-4973,183
,Bartel Gilby,Elliott Middlewick,emiddlewicknx@cocolog-nifty.com,273-898-4575,599
,Lorilyn Rennard,Hamlen Sellwood,hsellwoodny@bigcartel.com,377-747-7077,354
,Lilas Boncoeur,Kaleena Swainston,kswainstonnz@cnet.com,219-882-6005,138
,Starlin Parncutt,Rochella Dunlop,rdunlopo0@ustream.tv,592-741-8522,10
,Marie-jeanne Puddicombe,Bourke Blockwell,bblockwello1@spotify.com,390-944-4195,172
,Margareta Shmyr,Maxie Mounsey,mmounseyo2@canalblog.com,237-767-2667,471
,Tye Pollins,Adrian Gillingwater,agillingwatero3@amazon.com,577-530-9024,111
,Katie Gerretsen,Alfonso Crosbie,acrosbieo4@bluehost.com,426-836-7782,329
,Silvio Olivetta,Early Tumbridge,etumbridgeo5@live.com,804-316-3066,20
,Cayla McComiskie,Cristobal Wagner,cwagnero6@issuu.com,176-485-4008,318
,Armand Danihelka,Jamison Cardwell,jcardwello7@elpais.com,993-329-8766,10
,Grantley Aymerich,Philippine Oldfield,poldfieldo8@loc.gov,570-382-8716,977
,Hermon Ambrogelli,Chaunce Chuter,cchutero9@gizmodo.com,556-132-9334,931
,Lurleen Fingleton,Culver Laird,clairdoa@engadget.com,717-927-2185,81
,Ode Karpets,Cart Schulter,cschulterob@wikia.com,771-350-0024,652
,Manfred Brodeau,Marty Wealleans,mwealleansoc@nsw.gov.au,981-953-6740,291
,Shena Sedgeworth,Charita Cornier,ccornierod@utexas.edu,291-304-5158,4
,Margery Geeraert,Cyrus Tuerena,ctuerenaoe@nationalgeographic.com,355-719-6457,916
,Shay Pavlenko,Dorette O'Sharkey,dosharkeyof@mayoclinic.com,921-304-1587,347
,Caitrin O'Kane,Roana Laurent,rlaurentog@artisteer.com,111-121-1548,292
,Hermie Twizell,Valaria Bushaway,vbushawayoh@bigcartel.com,420-730-2781,997
,Garry Sidle,Hannah Records,hrecordsoi@irs.gov,898-468-4987,660
,Cointon Reschke,Kellia Guilloux,kguillouxoj@ihg.com,835-816-3636,198
,Dur Mannin,Heloise Wilprecht,hwilprechtok@indiatimes.com,332-911-4298,337
,Dodi Baly,Merle Colt,mcoltol@latimes.com,806-309-3256,805
,Filbert Daulby,Kelcy Fairbourne,kfairbourneom@mtv.com,804-875-2644,420
,Mari Baudry,Filberte Miliffe,fmiliffeon@hibu.com,456-609-7945,934
,Arel Tinghill,Corabelle Waulker,cwaulkeroo@cnet.com,663-517-0377,887
,Hildy Cornbell,Maye Traske,mtraskeop@1688.com,511-207-8934,263
,Consuelo Abbatucci,Merilyn Hansley,mhansleyoq@mediafire.com,921-336-3081,390
,Christa Gallafant,Kirk Snuggs,ksnuggsor@mayoclinic.com,340-126-7563,463
,Raff Stalley,Jaymee Lanfranconi,jlanfranconios@businessweek.com,949-413-0676,849
,Eal Klugman,Adelbert De Stoop,adeot@cloudflare.com,467-461-6929,874
,Orrin Jozsika,Liv Whyman,lwhymanou@virginia.edu,687-150-0753,851
,Ardyth Rogeron,Erina Werrett,ewerrettov@lulu.com,943-383-4008,418
,Emanuel Hamsher,Cherianne Shaylor,cshaylorow@xrea.com,169-445-0916,509
,Ario Summerly,Traver Brymham,tbrymhamox@yahoo.com,993-151-4231,210
,Siegfried Sabban,Giuditta Van T'Hoog,gvanoy@cloudflare.com,493-691-6631,968
,Myer Lindroos,Vittoria Danne,vdanneoz@cnet.com,444-278-3213,239
,Husein O'Hear,Fidelio Hindenberger,fhindenbergerp0@shareasale.com,376-814-6733,259
,Rogerio Ogbourne,Nari Wyborn,nwybornp1@boston.com,824-905-3325,705
,Constantina Eastmond,Ariella Goff,agoffp2@so-net.ne.jp,428-343-1779,272
,Renae Crisell,Hilary Heel,hheelp3@bandcamp.com,913-614-2910,506
,Seymour Verlinde,Zebulen Miners,zminersp4@ox.ac.uk,843-394-3604,42
,Lorelle Mackerness,Carlina Sidwick,csidwickp5@admin.ch,935-701-5408,974
,Carolan Tocknell,Eugen Doby,edobyp6@acquirethisname.com,388-247-0203,687
,Gaultiero Thornley,Conroy Castelyn,ccastelynp7@linkedin.com,804-510-6775,799
,Desiree Hatchell,Devlen Soigne,dsoignep8@over-blog.com,114-175-1530,719
,Bradney Cullip,Adham Arnson,aarnsonp9@blog.com,511-851-9117,538
,Tally Grigor,Bran Kenwin,bkenwinpa@plala.or.jp,812-166-1338,29
,Michale Firpi,Mignon Justham,mjusthampb@yelp.com,248-952-2745,257
,Udale Jerdon,Katrine Wimpeney,kwimpeneypc@noaa.gov,242-895-1498,773
,Fabio Prosek,Bernadette Sorrell,bsorrellpd@photobucket.com,701-364-6148,394
,Frank Chaffin,Fredrick Hitzke,fhitzkepe@dailymail.co.uk,792-700-3932,454
,Dominique Clayill,Ollie Pring,opringpf@last.fm,480-717-3404,802
,Earvin Aizlewood,Bogey Dust,bdustpg@yelp.com,494-477-6100,421
,Harlin Fennick,Mandel Luxon,mluxonph@springer.com,812-530-3856,363
,Darice Naismith,Rebeka Jandourek,rjandourekpi@cbc.ca,635-976-2175,523
,Wendy Hubbucks,Berty Leddie,bleddiepj@phpbb.com,144-166-9391,87
,D'arcy Bloschke,Berrie Wild,bwildpk@miibeian.gov.cn,331-474-8275,583
,Pippy Morston,Putnem Sibbering,psibberingpl@mozilla.org,595-474-1329,709
,Germaine Ilem,Nani Sterzaker,nsterzakerpm@mlb.com,197-732-1514,58
,Alverta Evett,Rosana Pollastro,rpollastropn@parallels.com,341-368-9536,605
,Robinson Mandeville,Jasper Brame,jbramepo@linkedin.com,616-303-6237,422
,Rosabella Widmore,Roarke Beeswing,rbeeswingpp@imdb.com,478-262-4056,948
,Hastie Hucker,Breena Busch,bbuschpq@taobao.com,713-272-1591,619
,Madel Corsan,Hortensia Spinola,hspinolapr@de.vu,241-355-8476,244
,Maurie Roscher,Muffin Lilliman,mlillimanps@quantcast.com,365-106-1516,922
,Henka Avrasin,Lexine Shackle,lshacklept@i2i.jp,556-307-2902,784
,Emmett Nardi,Sly Orans,soranspu@odnoklassniki.ru,125-989-5196,66
,Adel Splevin,Gray Yakhin,gyakhinpv@tinypic.com,401-523-2382,672
,Twyla Garside,Corney Paridge,cparidgepw@clickbank.net,855-941-3806,62
,Gerry Perocci,Cecilla Martinek,cmartinekpx@sphinn.com,752-651-9321,782
,Merrie Coggon,Cally Duffrie,cduffriepy@time.com,361-602-8584,92
,Dmitri Nickolls,Hans Lesek,hlesekpz@mozilla.org,657-395-4147,710
,Ranice Wisham,Gaylord Entwisle,gentwisleq0@biglobe.ne.jp,984-982-2056,475
,Nancee Piscopo,Carlo Horder,chorderq1@smugmug.com,877-761-4704,943
,Tades Burrel,Tasia Kocher,tkocherq2@ucsd.edu,769-213-7060,749
,Hoyt Zanutti,Rafe Kimmel,rkimmelq3@examiner.com,833-722-6907,10
,Matty Hendrix,Murdoch Edgecumbe,medgecumbeq4@baidu.com,144-355-4302,889
,Orel Chastanet,Everett Spanton,espantonq5@squarespace.com,356-555-9703,908
,Ilsa True,Alaster Isson,aissonq6@mapy.cz,892-614-5093,972
,Shanie Simoncelli,Sanford Whittenbury,swhittenburyq7@msn.com,984-429-9600,518
,Ram Gadd,Annabell Willes,awillesq8@unblog.fr,815-622-1604,701
,Carol Grono,Dorene Otson,dotsonq9@ucsd.edu,754-694-0946,300
,Carlina Barde,Aguistin Croasdale,acroasdaleqa@posterous.com,997-343-5313,761
,Harriette Lyst,Bruno Pauling,bpaulingqb@ustream.tv,142-413-4842,679
,Rodney Iacovozzo,Erastus Middis,emiddisqc@mayoclinic.com,709-875-4109,281
,Herminia Delgardillo,Inness Igonet,iigonetqd@nps.gov,167-664-0372,527
,Emalia Glandfield,Corie Tampin,ctampinqe@over-blog.com,927-254-9432,155
,Dale McKendry,Audy Peterson,apetersonqf@sun.com,850-976-4653,128
,Timi Teligin,Marylynne Lashmore,mlashmoreqg@dyndns.org,174-139-7853,903
,Edmund Eyam,Richard Benoy,rbenoyqh@meetup.com,334-731-6574,425
,Winnah Basill,Shirlee Roddan,sroddanqi@prweb.com,719-807-2351,308
,Winona Thorsen,Athena O'Lennachain,aolennachainqj@netlog.com,813-986-6798,550
,Lorenza Hallawell,Ali Debrick,adebrickqk@house.gov,832-961-8019,522
,Bradan Haselden,Sloane Haseman,shasemanql@de.vu,612-918-2553,721
,Seka Frantzeni,Flory Barrasse,fbarrasseqm@chron.com,723-146-6791,441
,Jermaine Persich,Vivianne Maxworthy,vmaxworthyqn@hostgator.com,173-229-9969,751
,Shel D'Abbot-Doyle,Vasili MacConchie,vmacconchieqo@constantcontact.com,528-962-6979,410
,Emily Twiddle,Ellissa Harcourt,eharcourtqp@netlog.com,305-901-2202,808
,Althea Mum,Arlie Browse,abrowseqq@tuttocitta.it,774-301-4940,127
,Mikael Killiner,Alva Styan,astyanqr@wordpress.org,792-585-7747,364
,Heindrick Cucinotta,Maud Curedale,mcuredaleqs@google.nl,873-380-1324,623
,Abbye Maultby,Felicle Riedel,friedelqt@multiply.com,485-872-3584,83
,Ashien Silley,Lari Linny,llinnyqu@yahoo.co.jp,975-428-7448,262
,Benjamin Stearn,Gunar Sturch,gsturchqv@usnews.com,752-435-4719,682
,Ralf Dahlen,Brianna Walch,bwalchqw@g.co,421-715-6797,824
,Barron Starbuck,Hieronymus Ivushkin,hivushkinqx@amazonaws.com,152-661-1817,667
,Ado Tuppeny,Thomas Bracegirdle,tbracegirdleqy@wired.com,794-441-5323,784
,Alvira Frawley,Tobi Carl,tcarlqz@booking.com,529-283-0328,204
,Lurline Ingram,Rourke Yerrall,ryerrallr0@netlog.com,130-429-9250,16
,Marinna Beddie,Brigid Gibbetts,bgibbettsr1@dailymail.co.uk,690-914-8049,59
,Camey Pettyfer,Roddy Piscopiello,rpiscopiellor2@gmpg.org,811-731-4015,920
,Antonin Kubek,Abagail Tatum,atatumr3@mashable.com,909-856-4356,732
,Zacharias Aldred,Orton Silwood,osilwoodr4@com.com,973-647-3066,788
,Rupert Trood,Duncan Higgan,dhigganr5@mail.ru,321-681-3443,302
,Rowena Pilbeam,Daile Halbert,dhalbertr6@unblog.fr,428-423-6634,78
,Deeyn Bullock,Marris Brodnecke,mbrodnecker7@indiatimes.com,723-164-3278,46
,Garv Fincke,Art Tee,ateer8@time.com,216-788-9462,435
,Danica Beeres,Delaney Emerine,demeriner9@globo.com,551-251-4800,662
,Kara MacKimm,Kittie Peile,kpeilera@prnewswire.com,185-229-3772,910
,Olenolin Korlat,Elicia Gasquoine,egasquoinerb@nyu.edu,915-591-4077,228
,Goddard Meiklem,Felicio Sullens,fsullensrc@cornell.edu,135-940-5525,628
,Dael Sweeney,Veronika Itzkovich,vitzkovichrd@networksolutions.com,565-170-4870,962
,Karlyn Eates,Cullie Pawlicki,cpawlickire@businesswire.com,695-905-9800,432
,Caleb Greenside,Betta Antonignetti,bantonignettirf@techcrunch.com,195-665-2473,516
,Robinett Attwood,Lyman Gutowska,lgutowskarg@aol.com,814-975-9073,469
,Elsa Delmage,Joyous Izakof,jizakofrh@usda.gov,346-241-2622,92
,Paddie Chalder,Tod Andrivel,tandrivelri@usnews.com,747-464-9949,788
,Jonathon Clutram,Evangeline Clemot,eclemotrj@ovh.net,655-385-3125,853
,Lisle Ivanikhin,Calla Blague,cblaguerk@last.fm,625-903-6628,246
,Ines Prendergast,Frannie Alstead,falsteadrl@biblegateway.com,862-691-0119,328
,Ailey Dannel,Cami Aspinall,caspinallrm@squidoo.com,322-188-2386,652
,Chandal Golbourn,Rebekah McCaughen,rmccaughenrn@deliciousdays.com,911-764-2076,554
,Leeland Idney,Peri Coulter,pcoulterro@wikia.com,374-508-7839,417
,Jefferson Levicount,Desiri Guerrero,dguerrerorp@wordpress.org,555-416-0902,267
,Lambert Busswell,Zeke Fountian,zfountianrq@theglobeandmail.com,965-557-3323,784
,Annmarie Jaksic,Mahmoud Taplin,mtaplinrr@alexa.com,347-497-0408,820
